受付番号,発生日時,工場,ライン,設備ID,設備名,アラームコード,症状,推定原因,処置内容,停止時間(分),対応者,対応者メール,状態
MP-2025-004101,2025/04/02 01:30,豊橋,加工1ライン,MC-0213,横形マシニングセンタ MC-850H,,加工寸法がばらつく（穴位置 ±0.02mm 超え）,主軸の熱変位,暖機運転15分を標準化,15,吉田 剛,t.yoshida@tokai-minato.example,完了
MP-2025-004102,2025/04/02 16:40,豊橋,加工1ライン,MC-0240,横形マシニングセンタ MC-850H,al-2047,主軸回転中に異音（キーン音）が発生。加工面にびびりマークあり,主軸ベアリング損傷（振動 3.4mm/s）,使用中止。メーカーにベアリング交換を依頼,90,小林 浩二,k.kobayashi@tokai-minato.example,完了
MP-2025-004103,2025/04/02 23:15,豊橋,加工2ライン,LT-0313,CNC旋盤 LT-300,AL 1520,刃物台旋回不良（AL-1520）,インデックスモータ過熱,冷却後に再起動、負荷を確認,36,伊藤 大輔,d.ito@tokai-minato.example,完了
MP-2025-004104,2025/04/03 03:05,豊橋,加工1ライン,MC-0206,横形マシニングセンタ MC-850H,AL-2047,主軸回転中に異音（キーン音）が発生。加工面にびびりマークあり,,工具交換、切削条件（送り）を10%下げて様子見,67,山田 太郎,t.yamada@tokai-minato.example,完了
MP-2025-004105,2025/04/07 15:00,刈谷,成形ライン,IM-0502,射出成形機 IM-180,,ショートショットが多発,ノズル詰まり,ノズル清掃,70,山田 太郎,t.yamada@tokai-minato.example,完了
MP-2025-004106,2025/04/08 05:15,バクニン,Line 2（旋削）,LT-V206,CNC旋盤 LT-300,,チャックの把握力不足でワークが滑る,チャック爪の摩耗,Thay chấu kẹp,20,Lê Thị Hoa,hoa.lt@tmtv.example,完了
MP-2025-004107,2025/04/08 08:30,刈谷,成形ライン,IM-0505,射出成形機 IM-180,,ショートショットが多発,樹脂の乾燥不足,乾燥時間を4時間に延長,108,渡辺 拓也,t.watanabe@tokai-minato.example,完了
MP-2025-004108,2025/04/08 09:30,バクニン,Line 3（搬送）,CV-V303,搬送コンベア CV-20,,"Băng tải dừng đột ngột, cảm biến không nhận được phôi",,,35,Lê Thị Hoa,hoa.lt@tmtv.example,完了
MP-2025-004109,2025/04/09 21:05,豊橋,加工2ライン,LT-0310,CNC旋盤 LT-300,al-1520,刃物台旋回不良（AL-1520）,インデックスモータ過熱,冷却後に再起動、負荷を確認,54,田中 誠,m.tanaka@tokai-minato.example,保留
MP-2025-004110,2025/04/10 02:15,バクニン,Line 1（加工）,MC-V106,横形マシニングセンタ MC-850H,AL-2047,主軸回転中に異音（キーン音）が発生。加工面にびびりマークあり,Dao bị mòn làm tăng lực cắt,工具交換、切削条件（送り）を10%下げて様子見,45,Đỗ Thanh Long,long.dt@tmtv.example,完了
MP-2025-004111,2025/04/11 09:10,豊橋,加工2ライン,LT-0307,CNC旋盤 LT-300,,チャックの把握力不足でワークが滑る,油圧ユニットの圧力低下,,46,伊藤 大輔,d.ito@tokai-minato.example,保留
MP-2025-004112,2025/04/13 06:45,豊橋,加工2ライン,LT-0325,CNC旋盤 LT-300,,チャックの把握力不足でワークが滑る,油圧ユニットの圧力低下,油圧を2.5MPaに再調整,26,小林 浩二,k.kobayashi@tokai-minato.example,完了
MP-2025-004113,2025/04/14 05:20,豊橋,加工1ライン,MC-0228,横形マシニングセンタ MC-850H,,加工寸法がばらつく（穴位置 ±0.02mm 超え）,,様子見,35,山田 太郎,t.yamada@tokai-minato.example,完了
MP-2025-004114,2025/04/14 09:30,豊橋,加工1ライン,MC-0240,横形マシニングセンタ MC-850H,AL-3012,ATC工具交換中に停止（AL-3012 タイムアウト）,近接センサへの切粉付着,センサ清掃、ATC原点復帰を実施,10,田中 誠,m.tanaka@tokai-minato.example,完了
MP-2025-004115,2025/04/15 01:45,豊橋,加工2ライン,LT-0306,CNC旋盤 LT-300,AL-1520,刃物台旋回不良（AL-1520）,インデックスモータ過熱,冷却後に再起動、負荷を確認,15,吉田 剛,t.yoshida@tokai-minato.example,完了
MP-2025-004116,2025/04/17 02:40,バクニン,Line 1（加工）,MC-V106,横形マシニングセンタ MC-850H,AL-2101,Máy dừng do lỗi AL-2101 áp suất dầu bôi trơn thấp,Lọc dầu bôi trơn bị tắc,"Vệ sinh, thay lọc dầu; xác nhận áp suất bình thường",84,Đỗ Thanh Long,long.dt@tmtv.example,完了
MP-2025-004117,2025/04/17 16:20,刈谷,プレスライン,HP-0104,油圧プレス HP-200,,加圧力が設定値まで上がらない,,作動油交換（200L）,259,鈴木 一郎,i.suzuki@tokai-minato.example,完了
MP-2025-004118,2025/04/19 01:30,バクニン,Line 3（搬送）,CV-V303,搬送コンベア CV-20,,"Băng tải dừng đột ngột, cảm biến không nhận được phôi",光電センサの位置ずれ,Chỉnh lại vị trí cảm biến,11,Phạm Quốc Tuấn,tuan.pq@tmtv.example,完了
MP-2025-004119,2025/04/19 06:05,バクニン,Line 3（搬送）,CV-V302,搬送コンベア CV-20,,"Băng tải kêu to, rung mạnh ở đoạn cuối",Ổ bi bị mòn,ベアリング交換,57,Hoàng Văn Nam,nam.hv@tmtv.example,完了
MP-2025-004120,2025/04/20 16:15,豊橋,加工2ライン,LT-0321,CNC旋盤 LT-300,AL-1520,刃物台旋回不良（AL-1520）,インデックスモータ過熱,冷却後に再起動、負荷を確認,18,加藤 美咲,m.kato@tokai-minato.example,完了
MP-2025-004121,2025/04/25 17:05,刈谷,成形ライン,IM-0501,射出成形機 IM-180,,金型温度が安定しない,温調機のヒータ断線,ヒータ交換,270,田中 誠,m.tanaka@tokai-minato.example,完了
MP-2025-004122,2025/04/27 12:45,豊橋,加工1ライン,MC-0211,横形マシニングセンタ MC-850H,AL-3012,ATC工具交換中に停止（AL-3012 タイムアウト）,エア圧低下（0.42MPa）,工場エア配管のドレン排出、エア圧0.55MPaに回復,11,渡辺 拓也,t.watanabe@tokai-minato.example,完了
MP-2025-004123,2025/04/27 16:20,バクニン,Line 3（搬送）,CV-V304,搬送コンベア CV-20,,"Băng tải dừng đột ngột, cảm biến không nhận được phôi",Cảm biến quang bị lệch vị trí,センサ位置調整,37,Trần Minh Đức,duc.tm@tmtv.example,完了
MP-2025-004124,2025/05/02 19:20,豊橋,加工1ライン,MC-0208,横形マシニングセンタ MC-850H,AL-2047,主軸回転中に異音（キーン音）が発生。加工面にびびりマークあり,工具摩耗による切削抵抗増加,工具交換、切削条件（送り）を10%下げて様子見,114,鈴木 一郎,i.suzuki@tokai-minato.example,完了
MP-2025-004125,2025/05/04 16:50,豊橋,加工2ライン,LT-0309,CNC旋盤 LT-300,,チャックの把握力不足でワークが滑る,油圧ユニットの圧力低下,油圧を2.5MPaに再調整,20,山田 太郎,t.yamada@tokai-minato.example,完了
MP-2025-004126,2025/05/05 05:05,刈谷,プレスライン,HP-0104,油圧プレス HP-200,,加圧力が設定値まで上がらない,リリーフ弁の不良,リリーフ弁交換,80,吉田 剛,t.yoshida@tokai-minato.example,完了
MP-2025-004127,2025/05/05 18:50,豊橋,加工1ライン,MC-0222,横形マシニングセンタ MC-850H,AL-2101,潤滑油圧低下アラーム（AL-2101）で停止,潤滑油フィルタの目詰まり,フィルタ清掃・交換、油圧正常を確認,56,高橋 健,k.takahashi@tokai-minato.example,完了
MP-2025-004128,2025/05/05 22:30,豊橋,加工2ライン,LT-0322,CNC旋盤 LT-300,AL-1520,刃物台旋回不良（AL-1520）,,冷却後に再起動、負荷を確認,62,伊藤 大輔,d.ito@tokai-minato.example,完了
MP-2025-004129,2025/05/07 13:50,豊橋,加工1ライン,MC-0239,横形マシニングセンタ MC-850H,AL-2101,潤滑油圧低下アラーム（AL-2101）で停止,潤滑油不足,潤滑油補給（約2L）,17,加藤 美咲,m.kato@tokai-minato.example,完了
MP-2025-004130,2025/05/08 06:40,豊橋,加工1ライン,MC-0201,横形マシニングセンタ MC-850H,al-2310,主軸温度異常アラーム,冷却ユニットの冷却油不足,冷却油補充、冷却ユニット再起動,112,高橋 健,k.takahashi@tokai-minato.example,完了
MP-2025-004131,2025/05/09 00:30,刈谷,成形ライン,IM-0501,射出成形機 IM-180,,ショートショットが多発,,ノズル清掃,157,田中 誠,m.tanaka@tokai-minato.example,完了
MP-2025-004132,2025/05/10 20:15,バクニン,Line 1（加工）,MC-V115,横形マシニングセンタ MC-850H,AL-5003,"Quá tải servo trục X, máy dừng",Phoi kẹt bên trong tấm che (jabara),"Vệ sinh bên trong jabara, tra dầu bề mặt trượt",33,Nguyễn Văn Hùng,hung.nv@tmtv.example,完了
MP-2025-004133,2025/05/12 05:10,バクニン,Line 2（旋削）,LT-V210,CNC旋盤 LT-300,,チャックの把握力不足でワークが滑る,,"Chỉnh lại áp suất thủy lực 2,5 MPa",97,Phạm Quốc Tuấn,tuan.pq@tmtv.example,完了
MP-2025-004134,2025/05/13 16:10,バクニン,Line 3（搬送）,CV-V304,搬送コンベア CV-20,,"Băng tải kêu to, rung mạnh ở đoạn cuối",Ổ bi bị mòn,ベアリング交換,34,Hoàng Văn Nam,nam.hv@tmtv.example,完了
MP-2025-004135,2025/05/16 11:10,バクニン,Line 1（加工）,MC-V105,横形マシニングセンタ MC-850H,AL-2101,Máy dừng do lỗi AL-2101 áp suất dầu bôi trơn thấp,,Bổ sung dầu bôi trơn (khoảng 2 lít),28,Trần Minh Đức,duc.tm@tmtv.example,完了
MP-2025-004136,2025/05/17 08:40,バクニン,Line 3（搬送）,CV-V303,搬送コンベア CV-20,,"Băng tải dừng đột ngột, cảm biến không nhận được phôi",,Đã xử lý,29,Lê Thị Hoa,hoa.lt@tmtv.example,完了
MP-2025-004137,2025/05/18 09:20,バクニン,Line 2（旋削）,LT-V203,CNC旋盤 LT-300,,"Mâm cặp kẹp không chặt, phôi bị trượt",チャック爪の摩耗,爪交換,82,Lê Thị Hoa,hoa.lt@tmtv.example,完了
MP-2025-004138,2025/05/20 16:40,豊橋,加工1ライン,MC-0212,横形マシニングセンタ MC-850H,AL-2047,主軸回転中に異音（キーン音）が発生。加工面にびびりマークあり,工具摩耗による切削抵抗増加,工具交換、切削条件（送り）を10%下げて様子見,138,田中 誠,m.tanaka@tokai-minato.example,完了
MP-2025-004139,2025/05/21 09:50,豊橋,加工2ライン,LT-0308,CNC旋盤 LT-300,,チャックの把握力不足でワークが滑る,チャック爪の摩耗,爪交換,78,高橋 健,k.takahashi@tokai-minato.example,完了
MP-2025-004140,2025/05/24 10:00,豊橋,加工2ライン,LT-0324,CNC旋盤 LT-300,,チャックの把握力不足でワークが滑る,油圧ユニットの圧力低下,油圧を2.5MPaに再調整,28,伊藤 大輔,d.ito@tokai-minato.example,完了
MP-2025-004141,2025/05/24 20:45,バクニン,Line 1（加工）,MC-V117,横形マシニングセンタ MC-850H,AL 5003,X軸サーボ過負荷で停止,Phoi kẹt bên trong tấm che (jabara),"Vệ sinh bên trong jabara, tra dầu bề mặt trượt",48,Trần Minh Đức,duc.tm@tmtv.example,完了
MP-2025-004142,2025/05/24 22:20,刈谷,プレスライン,HP-0109,油圧プレス HP-200,,加圧力が設定値まで上がらない,作動油の劣化,作動油交換（200L）,285,小林 浩二,k.kobayashi@tokai-minato.example,完了
MP-2025-004143,2025/05/25 01:05,豊橋,加工1ライン,MC-0239,横形マシニングセンタ MC-850H,AL-4050,クーラント液面低下で停止,,クーラント補充、濃度6%に調整,6,加藤 美咲,m.kato@tokai-minato.example,完了
MP-2025-004144,2025/05/25 09:45,豊橋,加工1ライン,MC-0216,横形マシニングセンタ MC-850H,AL-4050,クーラント液面低下で停止,,クーラント補充、濃度6%に調整,24,渡辺 拓也,t.watanabe@tokai-minato.example,完了
MP-2025-004145,2025/05/26 07:15,豊橋,加工2ライン,LT-0302,CNC旋盤 LT-300,AL-1520,刃物台旋回不良（AL-1520）,インデックスモータ過熱,冷却後に再起動、負荷を確認,42,田中 誠,m.tanaka@tokai-minato.example,完了
MP-2025-004146,2025/05/28 02:10,豊橋,加工1ライン,MC-0222,横形マシニングセンタ MC-850H,AL-2047,主軸回転中に異音（キーン音）が発生。加工面にびびりマークあり,主軸ベアリング損傷（振動 3.4mm/s）,使用中止。メーカーにベアリング交換を依頼,34,高橋 健,k.takahashi@tokai-minato.example,完了
MP-2025-004147,2025/05/28 07:15,豊橋,加工1ライン,MC-0216,横形マシニングセンタ MC-850H,AL-2310,主軸温度異常アラーム,冷却ユニットの冷却油不足,冷却油補充、冷却ユニット再起動,41,中村 翔,s.nakamura@tokai-minato.example,完了
MP-2025-004148,2025/05/28 08:30,刈谷,プレスライン,HP-0106,油圧プレス HP-200,,スライド下降時に異音,ガイド部の給油不足,給油、ギブ調整,30,渡辺 拓也,t.watanabe@tokai-minato.example,完了
MP-2025-004149,2025/05/29 10:30,刈谷,成形ライン,IM-0511,射出成形機 IM-180,,ショートショットが多発,ノズル詰まり,,,山田 太郎,t.yamada@tokai-minato.example,対応中
MP-2025-004150,2025/05/29 10:45,刈谷,成形ライン,IM-0502,射出成形機 IM-180,,ショートショットが多発,ノズル詰まり,ノズル清掃,168,高橋 健,k.takahashi@tokai-minato.example,完了
MP-2025-004151,2025/05/30 19:10,バクニン,Line 1（加工）,MC-V101,横形マシニングセンタ MC-850H,AL-4050,Máy dừng do mức nước làm mát (coolant) thấp,Bay hơi và bị phoi mang ra ngoài,クーラント補充、濃度6%に調整,19,Lê Thị Hoa,hoa.lt@tmtv.example,完了
MP-2025-004152,2025/06/03 23:20,バクニン,Line 3（搬送）,CV-V302,搬送コンベア CV-20,,"Băng tải dừng đột ngột, cảm biến không nhận được phôi",,,40,Đỗ Thanh Long,long.dt@tmtv.example,完了
MP-2025-004153,2025/06/04 06:50,刈谷,プレスライン,HP-0101,油圧プレス HP-200,,加圧力が設定値まで上がらない,リリーフ弁の不良,リリーフ弁交換,94,小林 浩二,k.kobayashi@tokai-minato.example,完了
MP-2025-004154,2025/06/04 22:05,刈谷,成形ライン,IM-0508,射出成形機 IM-180,,金型温度が安定しない,,ヒータ交換,41,小林 浩二,k.kobayashi@tokai-minato.example,完了
MP-2025-004155,2025/06/05 03:15,豊橋,加工1ライン,MC-0217,横形マシニングセンタ MC-850H,AL-2310,主軸温度異常アラーム,冷却ユニットの冷却油不足,冷却油補充、冷却ユニット再起動,20,加藤 美咲,m.kato@tokai-minato.example,完了
MP-2025-004156,2025/06/07 11:10,豊橋,加工1ライン,MC-0235,横形マシニングセンタ MC-850H,AL-3012,ATC工具交換中に停止（AL-3012 タイムアウト）,エア圧低下（0.42MPa）,工場エア配管のドレン排出、エア圧0.55MPaに回復,26,加藤 美咲,m.kato@tokai-minato.example,完了
MP-2025-004157,2025/06/09 11:30,豊橋,加工2ライン,LT-0317,CNC旋盤 LT-300,AL-1520,刃物台旋回不良（AL-1520）,インデックスモータ過熱,冷却後に再起動、負荷を確認,15,小林 浩二,k.kobayashi@tokai-minato.example,完了
MP-2025-004158,2025/06/09 21:45,豊橋,加工2ライン,LT-0305,CNC旋盤 LT-300,,チャックの把握力不足でワークが滑る,チャック爪の摩耗,,,吉田 剛,t.yoshida@tokai-minato.example,保留
MP-2025-004159,2025/06/10 01:15,豊橋,加工1ライン,MC-0213,横形マシニングセンタ MC-850H,AL 5003,X軸サーボ過負荷で停止,ジャバラ内部への切粉噛み込み,ジャバラ内部清掃、摺動面に給油,30,吉田 剛,t.yoshida@tokai-minato.example,完了
MP-2025-004160,2025/06/10 14:45,バクニン,Line 1（加工）,MC-V106,横形マシニングセンタ MC-850H,AL-5003,"Quá tải servo trục X, máy dừng",,ジャバラ内部清掃、摺動面に給油,65,Trần Minh Đức,duc.tm@tmtv.example,完了
MP-2025-004161,2025/06/11 15:05,豊橋,加工1ライン,MC-0214,横形マシニングセンタ MC-850H,AL-4050,クーラント液面低下で停止,蒸発・切粉による持ち出し,クーラント補充、濃度6%に調整,5,高橋 健,k.takahashi@tokai-minato.example,完了
MP-2025-004162,2025/06/13 18:45,バクニン,Line 1（加工）,MC-V117,横形マシニングセンタ MC-850H,AL-3012,Lỗi AL-3012: ATC thay dao bị timeout,Phoi bám vào cảm biến tiệm cận,センサ清掃、ATC原点復帰を実施,23,Trần Minh Đức,duc.tm@tmtv.example,完了
MP-2025-004163,2025/06/15 05:30,豊橋,加工1ライン,MC-0208,横形マシニングセンタ MC-850H,AL-5003,X軸サーボ過負荷で停止,ジャバラ内部への切粉噛み込み,ジャバラ内部清掃、摺動面に給油,73,吉田 剛,t.yoshida@tokai-minato.example,完了
MP-2025-004164,2025/06/15 07:50,豊橋,加工2ライン,LT-0305,CNC旋盤 LT-300,AL-1520,刃物台旋回不良（AL-1520）,,冷却後に再起動、負荷を確認,56,高橋 健,k.takahashi@tokai-minato.example,完了
MP-2025-004165,2025/06/15 09:10,豊橋,加工1ライン,MC-0239,横形マシニングセンタ MC-850H,AL-5003,X軸サーボ過負荷で停止,ジャバラ内部への切粉噛み込み,ジャバラ内部清掃、摺動面に給油,33,加藤 美咲,m.kato@tokai-minato.example,完了
MP-2025-004166,2025/06/15 21:00,豊橋,加工2ライン,LT-0312,CNC旋盤 LT-300,,チャックの把握力不足でワークが滑る,油圧ユニットの圧力低下,油圧を2.5MPaに再調整,133,渡辺 拓也,t.watanabe@tokai-minato.example,完了
MP-2025-004167,2025/06/16 02:50,豊橋,加工1ライン,MC-0229,横形マシニングセンタ MC-850H,AL 4050,クーラント液面低下で停止,蒸発・切粉による持ち出し,クーラント補充、濃度6%に調整,5,吉田 剛,t.yoshida@tokai-minato.example,完了
MP-2025-004168,2025/06/16 06:05,豊橋,加工2ライン,LT-0321,CNC旋盤 LT-300,AL1520,刃物台旋回不良（AL-1520）,インデックスモータ過熱,冷却後に再起動、負荷を確認,61,鈴木 一郎,i.suzuki@tokai-minato.example,完了
MP-2025-004169,2025/06/16 12:20,豊橋,加工2ライン,LT-0312,CNC旋盤 LT-300,AL-1520,刃物台旋回不良（AL-1520）,インデックスモータ過熱,冷却後に再起動、負荷を確認,15,加藤 美咲,m.kato@tokai-minato.example,完了
MP-2025-004170,2025/06/18 04:10,バクニン,Line 2（旋削）,LT-V207,CNC旋盤 LT-300,,"Mâm cặp kẹp không chặt, phôi bị trượt",Chấu kẹp bị mòn,,,Lê Thị Hoa,hoa.lt@tmtv.example,保留
MP-2025-004171,2025/06/18 11:00,バクニン,Line 1（加工）,MC-V109,横形マシニングセンタ MC-850H,,"Kích thước gia công không ổn định (vị trí lỗ vượt ±0,02 mm)",,Theo dõi thêm,31,Phạm Quốc Tuấn,tuan.pq@tmtv.example,完了
MP-2025-004172,2025/06/19 13:30,刈谷,プレスライン,HP-0112,油圧プレス HP-200,,スライド下降時に異音,ガイド部の給油不足,給油、ギブ調整,87,伊藤 大輔,d.ito@tokai-minato.example,完了
MP-2025-004173,2025/06/19 20:45,刈谷,成形ライン,IM-0507,射出成形機 IM-180,,ショートショットが多発,樹脂の乾燥不足,乾燥時間を4時間に延長,56,田中 誠,m.tanaka@tokai-minato.example,完了
MP-2025-004174,2025/06/22 02:15,刈谷,プレスライン,HP-0112,油圧プレス HP-200,,加圧力が設定値まで上がらない,リリーフ弁の不良,リリーフ弁交換,354,伊藤 大輔,d.ito@tokai-minato.example,完了
MP-2025-004175,2025/06/22 14:50,豊橋,加工2ライン,LT-0308,CNC旋盤 LT-300,,チャックの把握力不足でワークが滑る,,爪交換,79,山田 太郎,t.yamada@tokai-minato.example,完了
MP-2025-004176,2025/06/23 02:50,バクニン,Line 3（搬送）,CV-V306,搬送コンベア CV-20,,"Băng tải kêu to, rung mạnh ở đoạn cuối",Ổ bi bị mòn,Thay ổ bi,121,Phạm Quốc Tuấn,tuan.pq@tmtv.example,完了
MP-2025-004177,2025/06/23 11:05,刈谷,プレスライン,HP-0111,油圧プレス HP-200,,加圧力が設定値まで上がらない,作動油の劣化,作動油交換（200L）,130,伊藤 大輔,d.ito@tokai-minato.example,完了
MP-2025-004178,2025/06/23 14:15,刈谷,プレスライン,HP-0111,油圧プレス HP-200,,加圧力が設定値まで上がらない,,作動油交換（200L）,79,田中 誠,m.tanaka@tokai-minato.example,完了
MP-2025-004179,2025/06/25 11:30,豊橋,加工2ライン,LT-0325,CNC旋盤 LT-300,,チャックの把握力不足でワークが滑る,チャック爪の摩耗,爪交換,107,山田 太郎,t.yamada@tokai-minato.example,完了
MP-2025-004180,2025/06/25 16:10,刈谷,プレスライン,HP-0112,油圧プレス HP-200,,加圧力が設定値まで上がらない,,リリーフ弁交換,62,小林 浩二,k.kobayashi@tokai-minato.example,完了
MP-2025-004181,2025/06/25 23:10,バクニン,Line 2（旋削）,LT-V208,CNC旋盤 LT-300,AL-1520,Lỗi AL-1520: đài dao không xoay được,インデックスモータ過熱,冷却後に再起動、負荷を確認,40,Trần Minh Đức,duc.tm@tmtv.example,完了
MP-2025-004182,2025/06/26 01:40,バクニン,Line 2（旋削）,LT-V204,CNC旋盤 LT-300,AL-1520,Lỗi AL-1520: đài dao không xoay được,インデックスモータ過熱,冷却後に再起動、負荷を確認,37,Lê Thị Hoa,hoa.lt@tmtv.example,完了
MP-2025-004183,2025/06/28 18:40,豊橋,加工1ライン,MC-0229,横形マシニングセンタ MC-850H,AL-3012,ATC工具交換中に停止（AL-3012 タイムアウト）,近接センサへの切粉付着,センサ清掃、ATC原点復帰を実施,11,吉田 剛,t.yoshida@tokai-minato.example,完了
MP-2025-004184,2025/06/28 21:20,豊橋,加工2ライン,LT-0310,CNC旋盤 LT-300,AL-1520,刃物台旋回不良（AL-1520）,インデックスモータ過熱,冷却後に再起動、負荷を確認,15,渡辺 拓也,t.watanabe@tokai-minato.example,完了
MP-2025-004185,2025/07/01 02:50,豊橋,加工1ライン,MC-0220,横形マシニングセンタ MC-850H,AL-2047,主軸回転中に異音（キーン音）が発生。加工面にびびりマークあり,工具摩耗による切削抵抗増加,工具交換、切削条件（送り）を10%下げて様子見,297,伊藤 大輔,d.ito@tokai-minato.example,完了
MP-2025-004186,2025/07/02 23:40,豊橋,加工1ライン,MC-0224,横形マシニングセンタ MC-850H,AL-5003,X軸サーボ過負荷で停止,ジャバラ内部への切粉噛み込み,,39,高橋 健,k.takahashi@tokai-minato.example,対応中
MP-2025-004187,2025/07/05 13:45,バクニン,Line 3（搬送）,CV-V301,搬送コンベア CV-20,,"Băng tải dừng đột ngột, cảm biến không nhận được phôi",,Đã xử lý,29,Nguyễn Văn Hùng,hung.nv@tmtv.example,完了
MP-2025-004188,2025/07/05 18:00,豊橋,加工2ライン,LT-0316,CNC旋盤 LT-300,,チャックの把握力不足でワークが滑る,油圧ユニットの圧力低下,油圧を2.5MPaに再調整,30,渡辺 拓也,t.watanabe@tokai-minato.example,完了
MP-2025-004189,2025/07/05 22:15,豊橋,加工2ライン,LT-0310,CNC旋盤 LT-300,AL-1520,刃物台旋回不良（AL-1520）,インデックスモータ過熱,冷却後に再起動、負荷を確認,21,高橋 健,k.takahashi@tokai-minato.example,完了
MP-2025-004190,2025/07/06 09:20,刈谷,成形ライン,IM-0508,射出成形機 IM-180,,金型温度が安定しない,温調機のヒータ断線,ヒータ交換,114,渡辺 拓也,t.watanabe@tokai-minato.example,完了
MP-2025-004191,2025/07/06 12:45,豊橋,加工2ライン,LT-0319,CNC旋盤 LT-300,AL-1520,刃物台旋回不良（AL-1520）,インデックスモータ過熱,冷却後に再起動、負荷を確認,58,高橋 健,k.takahashi@tokai-minato.example,完了
MP-2025-004192,2025/07/06 15:50,刈谷,成形ライン,IM-0507,射出成形機 IM-180,,ショートショットが多発,ノズル詰まり,OK,139,伊藤 大輔,d.ito@tokai-minato.example,完了
MP-2025-004193,2025/07/06 21:15,バクニン,Line 3（搬送）,CV-V302,搬送コンベア CV-20,,"Băng tải kêu to, rung mạnh ở đoạn cuối",Ổ bi bị mòn,Thay ổ bi,176,Lê Thị Hoa,hoa.lt@tmtv.example,完了
MP-2025-004194,2025/07/07 12:15,豊橋,加工2ライン,LT-0318,CNC旋盤 LT-300,,チャックの把握力不足でワークが滑る,チャック爪の摩耗,爪交換,95,山田 太郎,t.yamada@tokai-minato.example,完了
MP-2025-004195,2025/07/10 02:30,刈谷,成形ライン,IM-0512,射出成形機 IM-180,,ショートショットが多発,樹脂の乾燥不足,乾燥時間を4時間に延長,206,山田 太郎,t.yamada@tokai-minato.example,完了
MP-2025-004196,2025/07/10 15:20,刈谷,プレスライン,HP-0101,油圧プレス HP-200,,スライド下降時に異音,ガイド部の給油不足,給油、ギブ調整,33,吉田 剛,t.yoshida@tokai-minato.example,完了
MP-2025-004197,2025/07/12 14:50,バクニン,Line 1（加工）,MC-V110,横形マシニングセンタ MC-850H,,"Kích thước gia công không ổn định (vị trí lỗ vượt ±0,02 mm)",主軸の熱変位,暖機運転15分を標準化,20,Hoàng Văn Nam,nam.hv@tmtv.example,完了
MP-2025-004198,2025/07/14 16:00,バクニン,Line 2（旋削）,LT-V210,CNC旋盤 LT-300,,"Mâm cặp kẹp không chặt, phôi bị trượt",油圧ユニットの圧力低下,"Chỉnh lại áp suất thủy lực 2,5 MPa",115,Đỗ Thanh Long,long.dt@tmtv.example,完了
MP-2025-004199,2025/07/14 16:15,豊橋,加工2ライン,LT-0313,CNC旋盤 LT-300,,チャックの把握力不足でワークが滑る,チャック爪の摩耗,爪交換,20,加藤 美咲,m.kato@tokai-minato.example,完了
MP-2025-004200,2025/07/15 10:10,豊橋,加工1ライン,MC-0235,横形マシニングセンタ MC-850H,AL 4050,クーラント液面低下で停止,蒸発・切粉による持ち出し,クーラント補充、濃度6%に調整,6,加藤 美咲,m.kato@tokai-minato.example,完了
MP-2025-004201,2025/07/16 04:45,刈谷,プレスライン,HP-0103,油圧プレス HP-200,,加圧力が設定値まで上がらない,作動油の劣化,作動油交換（200L）,308,鈴木 一郎,i.suzuki@tokai-minato.example,完了
MP-2025-004202,2025/07/17 00:45,刈谷,成形ライン,IM-0514,射出成形機 IM-180,,金型温度が安定しない,,ヒータ交換,175,小林 浩二,k.kobayashi@tokai-minato.example,完了
MP-2025-004203,2025/07/17 05:00,バクニン,Line 2（旋削）,LT-V210,CNC旋盤 LT-300,AL-1520,Lỗi AL-1520: đài dao không xoay được,,冷却後に再起動、負荷を確認,26,Lê Thị Hoa,hoa.lt@tmtv.example,完了
MP-2025-004204,2025/07/17 15:15,豊橋,加工2ライン,LT-0310,CNC旋盤 LT-300,,チャックの把握力不足でワークが滑る,チャック爪の摩耗,爪交換,112,高橋 健,k.takahashi@tokai-minato.example,完了
MP-2025-004205,2025/07/18 05:30,豊橋,加工2ライン,LT-0313,CNC旋盤 LT-300,,チャックの把握力不足でワークが滑る,油圧ユニットの圧力低下,油圧を2.5MPaに再調整,40,加藤 美咲,m.kato@tokai-minato.example,完了
MP-2025-004206,2025/07/18 13:10,豊橋,加工1ライン,MC-0218,横形マシニングセンタ MC-850H,AL-2101,潤滑油圧低下アラーム（AL-2101）で停止,,潤滑油補給（約2L）,15,鈴木 一郎,i.suzuki@tokai-minato.example,完了
MP-2025-004207,2025/07/20 08:50,豊橋,加工1ライン,MC-0236,横形マシニングセンタ MC-850H,AL-3012,ATC工具交換中に停止（AL-3012 タイムアウト）,近接センサへの切粉付着,センサ清掃、ATC原点復帰を実施,13,吉田 剛,t.yoshida@tokai-minato.example,完了
MP-2025-004208,2025/07/20 13:20,刈谷,プレスライン,HP-0112,油圧プレス HP-200,,スライド下降時に異音,ガイド部の給油不足,給油、ギブ調整,75,山田 太郎,t.yamada@tokai-minato.example,完了
MP-2025-004209,2025/07/20 18:15,豊橋,加工2ライン,LT-0320,CNC旋盤 LT-300,,チャックの把握力不足でワークが滑る,チャック爪の摩耗,爪交換,27,加藤 美咲,m.kato@tokai-minato.example,完了
MP-2025-004210,2025/07/22 05:05,刈谷,プレスライン,HP-0104,油圧プレス HP-200,,スライド下降時に異音,ガイド部の給油不足,給油、ギブ調整,58,小林 浩二,k.kobayashi@tokai-minato.example,完了
MP-2025-004211,2025/07/23 10:20,豊橋,加工1ライン,MC-0231,横形マシニングセンタ MC-850H,AL-3012,ATC工具交換中に停止（AL-3012 タイムアウト）,,工場エア配管のドレン排出、エア圧0.55MPaに回復,27,高橋 健,k.takahashi@tokai-minato.example,完了
MP-2025-004212,2025/07/25 07:40,豊橋,加工2ライン,LT-0315,CNC旋盤 LT-300,AL-1520,刃物台旋回不良（AL-1520）,インデックスモータ過熱,冷却後に再起動、負荷を確認,15,小林 浩二,k.kobayashi@tokai-minato.example,完了
MP-2025-004213,2025/07/25 14:15,豊橋,加工2ライン,LT-0321,CNC旋盤 LT-300,AL-1520,刃物台旋回不良（AL-1520）,インデックスモータ過熱,冷却後に再起動、負荷を確認,74,伊藤 大輔,d.ito@tokai-minato.example,完了
MP-2025-004214,2025/07/25 20:50,豊橋,加工2ライン,LT-0314,CNC旋盤 LT-300,,チャックの把握力不足でワークが滑る,チャック爪の摩耗,爪交換,70,鈴木 一郎,i.suzuki@tokai-minato.example,完了
MP-2025-004215,2025/07/26 23:40,バクニン,Line 3（搬送）,CV-V304,搬送コンベア CV-20,,"Băng tải kêu to, rung mạnh ở đoạn cuối",ベアリング劣化,Thay ổ bi,30,Đỗ Thanh Long,long.dt@tmtv.example,完了
MP-2025-004216,2025/07/27 07:40,バクニン,Line 1（加工）,MC-V116,横形マシニングセンタ MC-850H,AL5003,"Quá tải servo trục X, máy dừng",ジャバラ内部への切粉噛み込み,"Vệ sinh bên trong jabara, tra dầu bề mặt trượt",54,Trần Minh Đức,duc.tm@tmtv.example,完了
MP-2025-004217,2025/07/27 09:50,刈谷,成形ライン,IM-0505,射出成形機 IM-180,,金型温度が安定しない,,ヒータ交換,283,山田 太郎,t.yamada@tokai-minato.example,完了
MP-2025-004218,2025/07/27 17:10,刈谷,成形ライン,IM-0511,射出成形機 IM-180,,ショートショットが多発,樹脂の乾燥不足,乾燥時間を4時間に延長,28,鈴木 一郎,i.suzuki@tokai-minato.example,完了
MP-2025-004219,2025/07/27 17:15,豊橋,加工2ライン,LT-0306,CNC旋盤 LT-300,,チャックの把握力不足でワークが滑る,チャック爪の摩耗,爪交換,26,吉田 剛,t.yoshida@tokai-minato.example,完了
MP-2025-004220,2025/07/31 00:10,豊橋,加工1ライン,MC-0212,横形マシニングセンタ MC-850H,AL-5003,X軸サーボ過負荷で停止,ジャバラ内部への切粉噛み込み,ジャバラ内部清掃、摺動面に給油,133,小林 浩二,k.kobayashi@tokai-minato.example,完了
MP-2025-004221,2025/07/31 04:05,バクニン,Line 3（搬送）,CV-V301,搬送コンベア CV-20,,"Băng tải dừng đột ngột, cảm biến không nhận được phôi",Cảm biến quang bị lệch vị trí,センサ位置調整,14,Đỗ Thanh Long,long.dt@tmtv.example,完了
MP-2025-004222,2025/08/01 17:20,バクニン,Line 2（旋削）,LT-V204,CNC旋盤 LT-300,,"Mâm cặp kẹp không chặt, phôi bị trượt",油圧ユニットの圧力低下,"Chỉnh lại áp suất thủy lực 2,5 MPa",21,Nguyễn Văn Hùng,hung.nv@tmtv.example,完了
MP-2025-004223,2025/08/01 22:15,豊橋,加工2ライン,LT-0308,CNC旋盤 LT-300,,チャックの把握力不足でワークが滑る,油圧ユニットの圧力低下,油圧を2.5MPaに再調整,20,鈴木 一郎,i.suzuki@tokai-minato.example,完了
MP-2025-004224,2025/08/02 20:40,豊橋,加工2ライン,LT-0310,CNC旋盤 LT-300,,チャックの把握力不足でワークが滑る,,爪交換,126,鈴木 一郎,i.suzuki@tokai-minato.example,完了
MP-2025-004225,2025/08/04 12:45,刈谷,プレスライン,HP-0103,油圧プレス HP-200,,スライド下降時に異音,,給油、ギブ調整,35,伊藤 大輔,d.ito@tokai-minato.example,完了
MP-2025-004226,2025/08/04 20:05,豊橋,加工2ライン,LT-0313,CNC旋盤 LT-300,AL-1520,刃物台旋回不良（AL-1520）,インデックスモータ過熱,冷却後に再起動、負荷を確認,23,小林 浩二,k.kobayashi@tokai-minato.example,完了
MP-2025-004227,2025/08/05 06:10,豊橋,加工2ライン,LT-0308,CNC旋盤 LT-300,,チャックの把握力不足でワークが滑る,チャック爪の摩耗,爪交換,57,渡辺 拓也,t.watanabe@tokai-minato.example,完了
MP-2025-004228,2025/08/05 11:45,豊橋,加工1ライン,MC-0218,横形マシニングセンタ MC-850H,AL-2047,主軸回転中に異音（キーン音）が発生。加工面にびびりマークあり,,使用中止。メーカーにベアリング交換を依頼,68,渡辺 拓也,t.watanabe@tokai-minato.example,完了
MP-2025-004229,2025/08/05 17:05,刈谷,成形ライン,IM-0512,射出成形機 IM-180,,ショートショットが多発,ノズル詰まり,ノズル清掃,45,加藤 美咲,m.kato@tokai-minato.example,完了
MP-2025-004230,2025/08/07 12:10,バクニン,Line 1（加工）,MC-V106,横形マシニングセンタ MC-850H,AL-2310,Cảnh báo nhiệt độ trục chính bất thường,Thiếu dầu làm mát của bộ làm mát,"Bổ sung dầu làm mát, khởi động lại bộ làm mát",46,Nguyễn Văn Hùng,hung.nv@tmtv.example,完了
MP-2025-004231,2025/08/07 15:15,豊橋,加工1ライン,MC-0225,横形マシニングセンタ MC-850H,AL-2310,主軸温度異常アラーム,,冷却油補充、冷却ユニット再起動,39,高橋 健,k.takahashi@tokai-minato.example,完了
MP-2025-004232,2025/08/09 12:45,豊橋,加工1ライン,MC-0218,横形マシニングセンタ MC-850H,AL 2101,潤滑油圧低下アラーム（AL-2101）で停止,,フィルタ清掃・交換、油圧正常を確認,57,加藤 美咲,m.kato@tokai-minato.example,完了
MP-2025-004233,2025/08/10 03:10,刈谷,成形ライン,IM-0506,射出成形機 IM-180,,金型温度が安定しない,温調機のヒータ断線,ヒータ交換,47,中村 翔,s.nakamura@tokai-minato.example,完了
MP-2025-004234,2025/08/10 05:45,刈谷,成形ライン,IM-0501,射出成形機 IM-180,,ショートショットが多発,樹脂の乾燥不足,乾燥時間を4時間に延長,68,伊藤 大輔,d.ito@tokai-minato.example,完了
MP-2025-004235,2025/08/11 23:20,豊橋,加工1ライン,MC-0234,横形マシニングセンタ MC-850H,AL-3012,ATC工具交換中に停止（AL-3012 タイムアウト）,近接センサへの切粉付着,センサ清掃、ATC原点復帰を実施,10,加藤 美咲,m.kato@tokai-minato.example,完了
MP-2025-004236,2025/08/12 05:05,バクニン,Line 1（加工）,MC-V111,横形マシニングセンタ MC-850H,AL-4050,Máy dừng do mức nước làm mát (coolant) thấp,Bay hơi và bị phoi mang ra ngoài,"Bổ sung coolant, chỉnh nồng độ 6%",,Phạm Quốc Tuấn,tuan.pq@tmtv.example,対応中
MP-2025-004237,2025/08/14 10:50,豊橋,加工1ライン,MC-0219,横形マシニングセンタ MC-850H,,加工寸法がばらつく（穴位置 ±0.02mm 超え）,主軸の熱変位,暖機運転15分を標準化,59,田中 誠,m.tanaka@tokai-minato.example,完了
MP-2025-004238,2025/08/14 12:15,刈谷,成形ライン,IM-0512,射出成形機 IM-180,,ショートショットが多発,,乾燥時間を4時間に延長,24,山田 太郎,t.yamada@tokai-minato.example,完了
MP-2025-004239,2025/08/16 00:20,バクニン,Line 1（加工）,MC-V104,横形マシニングセンタ MC-850H,,"Kích thước gia công không ổn định (vị trí lỗ vượt ±0,02 mm)",主軸の熱変位,Chuẩn hóa chạy ấm máy 15 phút,25,Nguyễn Văn Hùng,hung.nv@tmtv.example,完了
MP-2025-004240,2025/08/18 04:15,刈谷,成形ライン,IM-0513,射出成形機 IM-180,,ショートショットが多発,樹脂の乾燥不足,乾燥時間を4時間に延長,170,吉田 剛,t.yoshida@tokai-minato.example,完了
MP-2025-004241,2025/08/18 06:15,豊橋,加工1ライン,MC-0215,横形マシニングセンタ MC-850H,AL-2310,主軸温度異常アラーム,冷却ユニットの冷却油不足,冷却油補充、冷却ユニット再起動,32,鈴木 一郎,i.suzuki@tokai-minato.example,完了
MP-2025-004242,2025/08/18 14:05,豊橋,加工1ライン,MC-0209,横形マシニングセンタ MC-850H,AL-3012,ATC工具交換中に停止（AL-3012 タイムアウト）,,センサ清掃、ATC原点復帰を実施,58,高橋 健,k.takahashi@tokai-minato.example,完了
MP-2025-004243,2025/08/19 11:50,豊橋,加工1ライン,MC-0222,横形マシニングセンタ MC-850H,AL-2047,主軸回転中に異音（キーン音）が発生。加工面にびびりマークあり,主軸ベアリング損傷（振動 3.4mm/s）,使用中止。メーカーにベアリング交換を依頼,189,鈴木 一郎,i.suzuki@tokai-minato.example,完了
MP-2025-004244,2025/08/19 21:05,刈谷,プレスライン,HP-0110,油圧プレス HP-200,,スライド下降時に異音,,給油、ギブ調整,30,小林 浩二,k.kobayashi@tokai-minato.example,完了
MP-2025-004245,2025/08/20 02:30,バクニン,Line 2（旋削）,LT-V212,CNC旋盤 LT-300,AL-1520,Lỗi AL-1520: đài dao không xoay được,Động cơ chia độ quá nhiệt,"Để nguội rồi khởi động lại, kiểm tra tải",28,Phạm Quốc Tuấn,tuan.pq@tmtv.example,完了
MP-2025-004246,2025/08/21 03:30,豊橋,加工1ライン,MC-0209,横形マシニングセンタ MC-850H,AL-3012,ATC工具交換中に停止（AL-3012 タイムアウト）,近接センサへの切粉付着,センサ清掃、ATC原点復帰を実施,10,小林 浩二,k.kobayashi@tokai-minato.example,完了
MP-2025-004247,2025/08/22 08:00,バクニン,Line 3（搬送）,CV-V302,搬送コンベア CV-20,,"Băng tải dừng đột ngột, cảm biến không nhận được phôi",,,11,Hoàng Văn Nam,nam.hv@tmtv.example,保留
MP-2025-004248,2025/08/23 04:00,豊橋,加工2ライン,LT-0305,CNC旋盤 LT-300,AL-1520,刃物台旋回不良（AL-1520）,インデックスモータ過熱,冷却後に再起動、負荷を確認,15,渡辺 拓也,t.watanabe@tokai-minato.example,完了
MP-2025-004249,2025/08/23 06:40,刈谷,プレスライン,HP-0108,油圧プレス HP-200,,スライド下降時に異音,ガイド部の給油不足,給油、ギブ調整,73,伊藤 大輔,d.ito@tokai-minato.example,完了
MP-2025-004250,2025/08/23 10:15,豊橋,加工2ライン,LT-0302,CNC旋盤 LT-300,,チャックの把握力不足でワークが滑る,油圧ユニットの圧力低下,油圧を2.5MPaに再調整,99,高橋 健,k.takahashi@tokai-minato.example,完了
MP-2025-004251,2025/08/24 05:05,豊橋,加工1ライン,MC-0224,横形マシニングセンタ MC-850H,AL-2101,潤滑油圧低下アラーム（AL-2101）で停止,潤滑油フィルタの目詰まり,フィルタ清掃・交換、油圧正常を確認,75,吉田 剛,t.yoshida@tokai-minato.example,保留
MP-2025-004252,2025/08/24 21:20,バクニン,Line 3（搬送）,CV-V302,搬送コンベア CV-20,,"Băng tải dừng đột ngột, cảm biến không nhận được phôi",,Đã xử lý,38,Nguyễn Văn Hùng,hung.nv@tmtv.example,完了
MP-2025-004253,2025/08/24 21:50,豊橋,加工2ライン,LT-0307,CNC旋盤 LT-300,,チャックの把握力不足でワークが滑る,油圧ユニットの圧力低下,油圧を2.5MPaに再調整,24,中村 翔,s.nakamura@tokai-minato.example,完了
MP-2025-004254,2025/08/24 22:10,バクニン,Line 3（搬送）,CV-V304,搬送コンベア CV-20,,"Băng tải dừng đột ngột, cảm biến không nhận được phôi",,Đã xử lý,10,Lê Thị Hoa,hoa.lt@tmtv.example,完了
MP-2025-004255,2025/08/26 01:10,刈谷,成形ライン,IM-0514,射出成形機 IM-180,,ショートショットが多発,樹脂の乾燥不足,乾燥時間を4時間に延長,20,高橋 健,k.takahashi@tokai-minato.example,完了
MP-2025-004256,2025/08/26 02:20,豊橋,加工1ライン,MC-0222,横形マシニングセンタ MC-850H,AL-3012,ATC工具交換中に停止（AL-3012 タイムアウト）,エア圧低下（0.42MPa）,工場エア配管のドレン排出、エア圧0.55MPaに回復,10,加藤 美咲,m.kato@tokai-minato.example,保留
MP-2025-004257,2025/08/26 09:00,豊橋,加工2ライン,LT-0316,CNC旋盤 LT-300,AL-1520,刃物台旋回不良（AL-1520）,,,,田中 誠,m.tanaka@tokai-minato.example,対応中
MP-2025-004258,2025/08/31 12:50,豊橋,加工2ライン,LT-0303,CNC旋盤 LT-300,AL1520,刃物台旋回不良（AL-1520）,インデックスモータ過熱,冷却後に再起動、負荷を確認,15,鈴木 一郎,i.suzuki@tokai-minato.example,完了
MP-2025-004259,2025/09/01 15:10,刈谷,成形ライン,IM-0511,射出成形機 IM-180,,ショートショットが多発,ノズル詰まり,ノズル清掃,23,山田 太郎,t.yamada@tokai-minato.example,完了
MP-2025-004260,2025/09/01 23:50,豊橋,加工1ライン,MC-0230,横形マシニングセンタ MC-850H,AL-2101,潤滑油圧低下アラーム（AL-2101）で停止,潤滑油不足,潤滑油補給（約2L）,15,山田 太郎,t.yamada@tokai-minato.example,完了
MP-2025-004261,2025/09/02 12:20,刈谷,プレスライン,HP-0103,油圧プレス HP-200,,加圧力が設定値まで上がらない,リリーフ弁の不良,リリーフ弁交換,235,中村 翔,s.nakamura@tokai-minato.example,完了
MP-2025-004262,2025/09/03 10:50,豊橋,加工1ライン,MC-0203,横形マシニングセンタ MC-850H,AL-5003,X軸サーボ過負荷で停止,ジャバラ内部への切粉噛み込み,ジャバラ内部清掃、摺動面に給油,104,中村 翔,s.nakamura@tokai-minato.example,完了
MP-2025-004263,2025/09/04 17:20,刈谷,プレスライン,HP-0111,油圧プレス HP-200,,加圧力が設定値まで上がらない,リリーフ弁の不良,リリーフ弁交換,80,鈴木 一郎,i.suzuki@tokai-minato.example,完了
MP-2025-004264,2025/09/05 05:50,豊橋,加工1ライン,MC-0205,横形マシニングセンタ MC-850H,al-2047,主軸回転中に異音（キーン音）が発生。加工面にびびりマークあり,工具摩耗による切削抵抗増加,工具交換、切削条件（送り）を10%下げて様子見,315,伊藤 大輔,d.ito@tokai-minato.example,保留
MP-2025-004265,2025/09/05 23:15,豊橋,加工2ライン,LT-0301,CNC旋盤 LT-300,AL-1520,刃物台旋回不良（AL-1520）,インデックスモータ過熱,冷却後に再起動、負荷を確認,30,吉田 剛,t.yoshida@tokai-minato.example,完了
MP-2025-004266,2025/09/06 18:40,バクニン,Line 1（加工）,MC-V108,横形マシニングセンタ MC-850H,AL-2047,"Trục chính phát ra tiếng rít khi quay, bề mặt gia công có vết rung (chatter)","Ổ bi trục chính bị hỏng (rung 3,4 mm/s)","Dừng máy, yêu cầu hãng thay ổ bi trục chính",287,Hoàng Văn Nam,nam.hv@tmtv.example,完了
MP-2025-004267,2025/09/06 19:40,バクニン,Line 3（搬送）,CV-V305,搬送コンベア CV-20,,"Băng tải kêu to, rung mạnh ở đoạn cuối",,ベアリング交換,165,Nguyễn Văn Hùng,hung.nv@tmtv.example,完了
MP-2025-004268,2025/09/09 05:00,バクニン,Line 3（搬送）,CV-V306,搬送コンベア CV-20,,"Băng tải dừng đột ngột, cảm biến không nhận được phôi",,,14,Hoàng Văn Nam,nam.hv@tmtv.example,対応中
MP-2025-004269,2025/09/09 15:40,バクニン,Line 3（搬送）,CV-V306,搬送コンベア CV-20,,"Băng tải dừng đột ngột, cảm biến không nhận được phôi",,センサ位置調整,5,Lê Thị Hoa,hoa.lt@tmtv.example,完了
MP-2025-004270,2025/09/12 05:40,刈谷,成形ライン,IM-0506,射出成形機 IM-180,,ショートショットが多発,ノズル詰まり,ノズル清掃,69,吉田 剛,t.yoshida@tokai-minato.example,完了
MP-2025-004271,2025/09/12 18:15,豊橋,加工2ライン,LT-0305,CNC旋盤 LT-300,,チャックの把握力不足でワークが滑る,油圧ユニットの圧力低下,油圧を2.5MPaに再調整,122,渡辺 拓也,t.watanabe@tokai-minato.example,完了
MP-2025-004272,2025/09/14 06:10,豊橋,加工2ライン,LT-0316,CNC旋盤 LT-300,,チャックの把握力不足でワークが滑る,チャック爪の摩耗,対応済,,小林 浩二,k.kobayashi@tokai-minato.example,保留
MP-2025-004273,2025/09/14 21:15,豊橋,加工2ライン,LT-0323,CNC旋盤 LT-300,,チャックの把握力不足でワークが滑る,油圧ユニットの圧力低下,油圧を2.5MPaに再調整,137,中村 翔,s.nakamura@tokai-minato.example,完了
MP-2025-004274,2025/09/15 21:10,バクニン,Line 1（加工）,MC-V110,横形マシニングセンタ MC-850H,AL-3012,Lỗi AL-3012: ATC thay dao bị timeout,Phoi bám vào cảm biến tiệm cận,,,Đỗ Thanh Long,long.dt@tmtv.example,保留
MP-2025-004275,2025/09/17 02:05,刈谷,成形ライン,IM-0508,射出成形機 IM-180,,ショートショットが多発,ノズル詰まり,ノズル清掃,27,田中 誠,m.tanaka@tokai-minato.example,完了
MP-2025-004276,2025/09/20 10:15,豊橋,加工2ライン,LT-0315,CNC旋盤 LT-300,,チャックの把握力不足でワークが滑る,,油圧を2.5MPaに再調整,111,山田 太郎,t.yamada@tokai-minato.example,完了
MP-2025-004277,2025/09/20 10:50,豊橋,加工2ライン,LT-0312,CNC旋盤 LT-300,,チャックの把握力不足でワークが滑る,,爪交換,114,吉田 剛,t.yoshida@tokai-minato.example,完了
MP-2025-004278,2025/09/21 11:30,豊橋,加工2ライン,LT-0301,CNC旋盤 LT-300,,チャックの把握力不足でワークが滑る,油圧ユニットの圧力低下,油圧を2.5MPaに再調整,74,鈴木 一郎,i.suzuki@tokai-minato.example,完了
MP-2025-004279,2025/09/21 18:00,刈谷,プレスライン,HP-0112,油圧プレス HP-200,,加圧力が設定値まで上がらない,リリーフ弁の不良,リリーフ弁交換,148,小林 浩二,k.kobayashi@tokai-minato.example,完了
MP-2025-004280,2025/09/22 02:00,豊橋,加工1ライン,MC-0211,横形マシニングセンタ MC-850H,AL-3012,ATC工具交換中に停止（AL-3012 タイムアウト）,,工場エア配管のドレン排出、エア圧0.55MPaに回復,11,渡辺 拓也,t.watanabe@tokai-minato.example,完了
MP-2025-004281,2025/09/25 14:30,刈谷,プレスライン,HP-0102,油圧プレス HP-200,,加圧力が設定値まで上がらない,リリーフ弁の不良,リリーフ弁交換,65,小林 浩二,k.kobayashi@tokai-minato.example,完了
MP-2025-004282,2025/09/25 14:45,豊橋,加工2ライン,LT-0316,CNC旋盤 LT-300,AL-1520,刃物台旋回不良（AL-1520）,インデックスモータ過熱,冷却後に再起動、負荷を確認,26,加藤 美咲,m.kato@tokai-minato.example,完了
MP-2025-004283,2025/09/27 08:30,刈谷,プレスライン,HP-0107,油圧プレス HP-200,,スライド下降時に異音,ガイド部の給油不足,給油、ギブ調整,31,山田 太郎,t.yamada@tokai-minato.example,完了
MP-2025-004284,2025/09/28 05:50,豊橋,加工2ライン,LT-0305,CNC旋盤 LT-300,,チャックの把握力不足でワークが滑る,油圧ユニットの圧力低下,油圧を2.5MPaに再調整,65,鈴木 一郎,i.suzuki@tokai-minato.example,完了
MP-2025-004285,2025/10/01 15:45,バクニン,Line 3（搬送）,CV-V303,搬送コンベア CV-20,,"Băng tải kêu to, rung mạnh ở đoạn cuối",ベアリング劣化,Thay ổ bi,98,Nguyễn Văn Hùng,hung.nv@tmtv.example,完了
MP-2025-004286,2025/10/02 21:30,豊橋,加工1ライン,MC-0209,横形マシニングセンタ MC-850H,AL-3012,ATC工具交換中に停止（AL-3012 タイムアウト）,,工場エア配管のドレン排出、エア圧0.55MPaに回復,25,小林 浩二,k.kobayashi@tokai-minato.example,完了
MP-2025-004287,2025/10/05 19:10,刈谷,成形ライン,IM-0509,射出成形機 IM-180,,ショートショットが多発,樹脂の乾燥不足,乾燥時間を4時間に延長,106,渡辺 拓也,t.watanabe@tokai-minato.example,完了
MP-2025-004288,2025/10/05 21:20,豊橋,加工2ライン,LT-0313,CNC旋盤 LT-300,,チャックの把握力不足でワークが滑る,チャック爪の摩耗,爪交換,111,伊藤 大輔,d.ito@tokai-minato.example,完了
MP-2025-004289,2025/10/06 10:30,バクニン,Line 3（搬送）,CV-V306,搬送コンベア CV-20,,"Băng tải dừng đột ngột, cảm biến không nhận được phôi",Cảm biến quang bị lệch vị trí,Chỉnh lại vị trí cảm biến,34,Nguyễn Văn Hùng,hung.nv@tmtv.example,完了
MP-2025-004290,2025/10/07 06:05,バクニン,Line 3（搬送）,CV-V304,搬送コンベア CV-20,,"Băng tải dừng đột ngột, cảm biến không nhận được phôi",光電センサの位置ずれ,Chỉnh lại vị trí cảm biến,18,Nguyễn Văn Hùng,hung.nv@tmtv.example,完了
MP-2025-004291,2025/10/09 15:20,刈谷,プレスライン,HP-0103,油圧プレス HP-200,,スライド下降時に異音,ガイド部の給油不足,給油、ギブ調整,84,山田 太郎,t.yamada@tokai-minato.example,完了
MP-2025-004292,2025/10/10 19:20,刈谷,成形ライン,IM-0503,射出成形機 IM-180,,ショートショットが多発,ノズル詰まり,ノズル清掃,53,伊藤 大輔,d.ito@tokai-minato.example,完了
MP-2025-004293,2025/10/10 20:15,豊橋,加工2ライン,LT-0306,CNC旋盤 LT-300,,チャックの把握力不足でワークが滑る,油圧ユニットの圧力低下,油圧を2.5MPaに再調整,22,吉田 剛,t.yoshida@tokai-minato.example,完了
MP-2025-004294,2025/10/10 22:50,豊橋,加工1ライン,MC-0214,横形マシニングセンタ MC-850H,AL 4050,クーラント液面低下で停止,蒸発・切粉による持ち出し,クーラント補充、濃度6%に調整,5,伊藤 大輔,d.ito@tokai-minato.example,完了
MP-2025-004295,2025/10/12 12:45,刈谷,プレスライン,HP-0103,油圧プレス HP-200,,スライド下降時に異音,ガイド部の給油不足,給油、ギブ調整,49,中村 翔,s.nakamura@tokai-minato.example,完了
MP-2025-004296,2025/10/13 19:30,刈谷,成形ライン,IM-0505,射出成形機 IM-180,,ショートショットが多発,,,46,小林 浩二,k.kobayashi@tokai-minato.example,対応中
MP-2025-004297,2025/10/16 18:45,バクニン,Line 3（搬送）,CV-V306,搬送コンベア CV-20,,"Băng tải dừng đột ngột, cảm biến không nhận được phôi",,Chỉnh lại vị trí cảm biến,5,Phạm Quốc Tuấn,tuan.pq@tmtv.example,完了
MP-2025-004298,2025/10/17 18:30,バクニン,Line 3（搬送）,CV-V302,搬送コンベア CV-20,,"Băng tải dừng đột ngột, cảm biến không nhận được phôi",,Đã xử lý,6,Hoàng Văn Nam,nam.hv@tmtv.example,完了
MP-2025-004299,2025/10/20 14:30,豊橋,加工2ライン,LT-0307,CNC旋盤 LT-300,,チャックの把握力不足でワークが滑る,油圧ユニットの圧力低下,油圧を2.5MPaに再調整,60,小林 浩二,k.kobayashi@tokai-minato.example,完了
MP-2025-004300,2025/10/20 15:05,豊橋,加工2ライン,LT-0306,CNC旋盤 LT-300,AL1520,刃物台旋回不良（AL-1520）,インデックスモータ過熱,,19,田中 誠,m.tanaka@tokai-minato.example,保留
MP-2025-004301,2025/10/21 11:05,豊橋,加工1ライン,MC-0229,横形マシニングセンタ MC-850H,AL-4050,クーラント液面低下で停止,蒸発・切粉による持ち出し,クーラント補充、濃度6%に調整,7,加藤 美咲,m.kato@tokai-minato.example,完了
MP-2025-004302,2025/10/23 01:50,バクニン,Line 2（旋削）,LT-V210,CNC旋盤 LT-300,,チャックの把握力不足でワークが滑る,チャック爪の摩耗,爪交換,37,Lê Thị Hoa,hoa.lt@tmtv.example,完了
MP-2025-004303,2025/10/23 04:20,豊橋,加工2ライン,LT-0314,CNC旋盤 LT-300,,チャックの把握力不足でワークが滑る,チャック爪の摩耗,爪交換,20,伊藤 大輔,d.ito@tokai-minato.example,完了
MP-2025-004304,2025/10/23 16:05,豊橋,加工1ライン,MC-0207,横形マシニングセンタ MC-850H,AL-2047,主軸回転中に異音（キーン音）が発生。加工面にびびりマークあり,工具摩耗による切削抵抗増加,工具交換、切削条件（送り）を10%下げて様子見,280,田中 誠,m.tanaka@tokai-minato.example,完了
MP-2025-004305,2025/10/23 17:20,バクニン,Line 1（加工）,MC-V107,横形マシニングセンタ MC-850H,AL-2310,Cảnh báo nhiệt độ trục chính bất thường,Thiếu dầu làm mát của bộ làm mát,"Bổ sung dầu làm mát, khởi động lại bộ làm mát",20,Đỗ Thanh Long,long.dt@tmtv.example,完了
MP-2025-004306,2025/10/24 03:40,バクニン,Line 2（旋削）,LT-V205,CNC旋盤 LT-300,,"Mâm cặp kẹp không chặt, phôi bị trượt",Chấu kẹp bị mòn,Thay chấu kẹp,22,Lê Thị Hoa,hoa.lt@tmtv.example,完了
MP-2025-004307,2025/10/24 09:20,豊橋,加工2ライン,LT-0311,CNC旋盤 LT-300,,チャックの把握力不足でワークが滑る,チャック爪の摩耗,爪交換,51,田中 誠,m.tanaka@tokai-minato.example,完了
MP-2025-004308,2025/10/25 09:15,バクニン,Line 1（加工）,MC-V116,横形マシニングセンタ MC-850H,AL 2310,Cảnh báo nhiệt độ trục chính bất thường,冷却ユニットの冷却油不足,"Bổ sung dầu làm mát, khởi động lại bộ làm mát",22,Lê Thị Hoa,hoa.lt@tmtv.example,完了
MP-2025-004309,2025/10/26 00:00,バクニン,Line 1（加工）,MC-V117,横形マシニングセンタ MC-850H,al-4050,クーラント液面低下で停止,蒸発・切粉による持ち出し,"Bổ sung coolant, chỉnh nồng độ 6%",5,Đỗ Thanh Long,long.dt@tmtv.example,完了
MP-2025-004310,2025/10/26 23:15,豊橋,加工1ライン,MC-0224,横形マシニングセンタ MC-850H,AL-5003,X軸サーボ過負荷で停止,,ジャバラ内部清掃、摺動面に給油,40,伊藤 大輔,d.ito@tokai-minato.example,完了
MP-2025-004311,2025/10/27 08:20,刈谷,プレスライン,HP-0109,油圧プレス HP-200,,スライド下降時に異音,ガイド部の給油不足,給油、ギブ調整,73,伊藤 大輔,d.ito@tokai-minato.example,完了
MP-2025-004312,2025/10/29 06:15,バクニン,Line 3（搬送）,CV-V305,搬送コンベア CV-20,,"Băng tải dừng đột ngột, cảm biến không nhận được phôi",Cảm biến quang bị lệch vị trí,Chỉnh lại vị trí cảm biến,12,Hoàng Văn Nam,nam.hv@tmtv.example,完了
MP-2025-004313,2025/10/29 18:10,バクニン,Line 2（旋削）,LT-V203,CNC旋盤 LT-300,,"Mâm cặp kẹp không chặt, phôi bị trượt",,Thay chấu kẹp,67,Trần Minh Đức,duc.tm@tmtv.example,完了
MP-2025-004314,2025/10/31 01:10,刈谷,プレスライン,HP-0105,油圧プレス HP-200,,スライド下降時に異音,ガイド部の給油不足,給油、ギブ調整,32,渡辺 拓也,t.watanabe@tokai-minato.example,完了
MP-2025-004315,2025/11/01 23:40,バクニン,Line 2（旋削）,LT-V208,CNC旋盤 LT-300,,"Mâm cặp kẹp không chặt, phôi bị trượt",Chấu kẹp bị mòn,OK,137,Nguyễn Văn Hùng,hung.nv@tmtv.example,完了
MP-2025-004316,2025/11/02 10:40,豊橋,加工1ライン,MC-0222,横形マシニングセンタ MC-850H,,加工寸法がばらつく（穴位置 ±0.02mm 超え）,主軸の熱変位,暖機運転15分を標準化,7,伊藤 大輔,d.ito@tokai-minato.example,完了
MP-2025-004317,2025/11/03 13:00,刈谷,成形ライン,IM-0503,射出成形機 IM-180,,ショートショットが多発,ノズル詰まり,ノズル清掃,176,鈴木 一郎,i.suzuki@tokai-minato.example,完了
MP-2025-004318,2025/11/03 18:15,豊橋,加工2ライン,LT-0308,CNC旋盤 LT-300,AL-1520,刃物台旋回不良（AL-1520）,,冷却後に再起動、負荷を確認,16,渡辺 拓也,t.watanabe@tokai-minato.example,完了
MP-2025-004319,2025/11/04 01:10,バクニン,Line 2（旋削）,LT-V207,CNC旋盤 LT-300,,チャックの把握力不足でワークが滑る,Chấu kẹp bị mòn,Thay chấu kẹp,71,Lê Thị Hoa,hoa.lt@tmtv.example,完了
MP-2025-004320,2025/11/04 05:30,バクニン,Line 3（搬送）,CV-V305,搬送コンベア CV-20,,"Băng tải kêu to, rung mạnh ở đoạn cuối",Ổ bi bị mòn,Thay ổ bi,52,Phạm Quốc Tuấn,tuan.pq@tmtv.example,完了
MP-2025-004321,2025/11/05 14:20,豊橋,加工2ライン,LT-0307,CNC旋盤 LT-300,AL-1520,刃物台旋回不良（AL-1520）,インデックスモータ過熱,冷却後に再起動、負荷を確認,15,鈴木 一郎,i.suzuki@tokai-minato.example,完了
MP-2025-004322,2025/11/06 04:00,豊橋,加工1ライン,MC-0204,横形マシニングセンタ MC-850H,AL-2047,主軸回転中に異音（キーン音）が発生。加工面にびびりマークあり,主軸ベアリング損傷（振動 3.4mm/s）,使用中止。メーカーにベアリング交換を依頼,262,伊藤 大輔,d.ito@tokai-minato.example,保留
MP-2025-004323,2025/11/06 06:50,刈谷,プレスライン,HP-0107,油圧プレス HP-200,,加圧力が設定値まで上がらない,リリーフ弁の不良,リリーフ弁交換,214,小林 浩二,k.kobayashi@tokai-minato.example,完了
MP-2025-004324,2025/11/06 14:45,豊橋,加工1ライン,MC-0216,横形マシニングセンタ MC-850H,AL-2310,主軸温度異常アラーム,,冷却油補充、冷却ユニット再起動,31,小林 浩二,k.kobayashi@tokai-minato.example,完了
MP-2025-004325,2025/11/08 09:50,豊橋,加工1ライン,MC-0220,横形マシニングセンタ MC-850H,AL-2310,主軸温度異常アラーム,冷却ユニットの冷却油不足,冷却油補充、冷却ユニット再起動,57,田中 誠,m.tanaka@tokai-minato.example,完了
MP-2025-004326,2025/11/10 19:45,豊橋,加工1ライン,MC-0236,横形マシニングセンタ MC-850H,AL-4050,クーラント液面低下で停止,蒸発・切粉による持ち出し,対応済,21,田中 誠,m.tanaka@tokai-minato.example,完了
MP-2025-004327,2025/11/11 12:00,刈谷,成形ライン,IM-0506,射出成形機 IM-180,,ショートショットが多発,,乾燥時間を4時間に延長,20,小林 浩二,k.kobayashi@tokai-minato.example,完了
MP-2025-004328,2025/11/13 01:45,バクニン,Line 1（加工）,MC-V105,横形マシニングセンタ MC-850H,AL-2101,潤滑油圧低下アラーム（AL-2101）で停止,潤滑油フィルタの目詰まり,"Vệ sinh, thay lọc dầu; xác nhận áp suất bình thường",15,Đỗ Thanh Long,long.dt@tmtv.example,完了
MP-2025-004329,2025/11/15 00:20,豊橋,加工1ライン,MC-0216,横形マシニングセンタ MC-850H,AL-3012,ATC工具交換中に停止（AL-3012 タイムアウト）,エア圧低下（0.42MPa）,工場エア配管のドレン排出、エア圧0.55MPaに回復,12,鈴木 一郎,i.suzuki@tokai-minato.example,完了
MP-2025-004330,2025/11/15 05:15,バクニン,Line 3（搬送）,CV-V303,搬送コンベア CV-20,,"Băng tải dừng đột ngột, cảm biến không nhận được phôi",,Đã xử lý,18,Trần Minh Đức,duc.tm@tmtv.example,完了
MP-2025-004331,2025/11/16 09:45,刈谷,プレスライン,HP-0106,油圧プレス HP-200,,加圧力が設定値まで上がらない,作動油の劣化,作動油交換（200L）,253,田中 誠,m.tanaka@tokai-minato.example,完了
MP-2025-004332,2025/11/17 05:40,豊橋,加工2ライン,LT-0311,CNC旋盤 LT-300,,チャックの把握力不足でワークが滑る,,油圧を2.5MPaに再調整,20,山田 太郎,t.yamada@tokai-minato.example,完了
MP-2025-004333,2025/11/19 17:30,豊橋,加工2ライン,LT-0322,CNC旋盤 LT-300,,チャックの把握力不足でワークが滑る,チャック爪の摩耗,爪交換,144,小林 浩二,k.kobayashi@tokai-minato.example,完了
MP-2025-004334,2025/11/21 09:00,豊橋,加工1ライン,MC-0206,横形マシニングセンタ MC-850H,AL-2047,主軸回転中に異音（キーン音）が発生。加工面にびびりマークあり,工具摩耗による切削抵抗増加,工具交換、切削条件（送り）を10%下げて様子見,425,伊藤 大輔,d.ito@tokai-minato.example,完了
MP-2025-004335,2025/11/21 11:20,バクニン,Line 3（搬送）,CV-V305,搬送コンベア CV-20,,"Băng tải kêu to, rung mạnh ở đoạn cuối",Ổ bi bị mòn,Thay ổ bi,57,Lê Thị Hoa,hoa.lt@tmtv.example,完了
MP-2025-004336,2025/11/21 19:40,バクニン,Line 3（搬送）,CV-V305,搬送コンベア CV-20,,"Băng tải dừng đột ngột, cảm biến không nhận được phôi",,Đã xử lý,10,Đỗ Thanh Long,long.dt@tmtv.example,完了
MP-2025-004337,2025/11/22 08:30,豊橋,加工2ライン,LT-0324,CNC旋盤 LT-300,AL-1520,刃物台旋回不良（AL-1520）,インデックスモータ過熱,冷却後に再起動、負荷を確認,15,渡辺 拓也,t.watanabe@tokai-minato.example,完了
MP-2025-004338,2025/11/22 09:10,豊橋,加工1ライン,MC-0210,横形マシニングセンタ MC-850H,AL 4050,クーラント液面低下で停止,蒸発・切粉による持ち出し,クーラント補充、濃度6%に調整,20,吉田 剛,t.yoshida@tokai-minato.example,完了
MP-2025-004339,2025/11/22 09:45,刈谷,プレスライン,HP-0111,油圧プレス HP-200,,加圧力が設定値まで上がらない,作動油の劣化,作動油交換（200L）,134,高橋 健,k.takahashi@tokai-minato.example,完了
MP-2025-004340,2025/11/24 13:10,バクニン,Line 1（加工）,MC-V110,横形マシニングセンタ MC-850H,AL-2047,"Trục chính phát ra tiếng rít khi quay, bề mặt gia công có vết rung (chatter)",主軸ベアリング損傷（振動 3.4mm/s）,"Dừng máy, yêu cầu hãng thay ổ bi trục chính",252,Đỗ Thanh Long,long.dt@tmtv.example,完了
MP-2025-004341,2025/11/26 01:30,バクニン,Line 3（搬送）,CV-V305,搬送コンベア CV-20,,"Băng tải dừng đột ngột, cảm biến không nhận được phôi",Cảm biến quang bị lệch vị trí,,,Đỗ Thanh Long,long.dt@tmtv.example,対応中
MP-2025-004342,2025/11/26 08:40,豊橋,加工1ライン,MC-0217,横形マシニングセンタ MC-850H,al-2101,潤滑油圧低下アラーム（AL-2101）で停止,潤滑油不足,対応済,43,高橋 健,k.takahashi@tokai-minato.example,完了
MP-2025-004343,2025/11/26 20:15,バクニン,Line 1（加工）,MC-V102,横形マシニングセンタ MC-850H,AL 2047,主軸回転中に異音（キーン音）が発生。加工面にびびりマークあり,"Ổ bi trục chính bị hỏng (rung 3,4 mm/s)","Dừng máy, yêu cầu hãng thay ổ bi trục chính",189,Hoàng Văn Nam,nam.hv@tmtv.example,完了
MP-2025-004344,2025/11/28 04:15,バクニン,Line 3（搬送）,CV-V302,搬送コンベア CV-20,,"Băng tải dừng đột ngột, cảm biến không nhận được phôi",,,8,Trần Minh Đức,duc.tm@tmtv.example,完了
MP-2025-004345,2025/11/28 22:15,刈谷,プレスライン,HP-0107,油圧プレス HP-200,,加圧力が設定値まで上がらない,作動油の劣化,作動油交換（200L）,328,小林 浩二,k.kobayashi@tokai-minato.example,完了
MP-2025-004346,2025/11/30 03:45,バクニン,Line 3（搬送）,CV-V301,搬送コンベア CV-20,,"Băng tải kêu to, rung mạnh ở đoạn cuối",,Thay ổ bi,33,Hoàng Văn Nam,nam.hv@tmtv.example,完了
MP-2025-004347,2025/12/02 04:10,バクニン,Line 3（搬送）,CV-V306,搬送コンベア CV-20,,"Băng tải dừng đột ngột, cảm biến không nhận được phôi",,Đã xử lý,41,Lê Thị Hoa,hoa.lt@tmtv.example,完了
MP-2025-004348,2025/12/02 06:10,バクニン,Line 1（加工）,MC-V110,横形マシニングセンタ MC-850H,,"Kích thước gia công không ổn định (vị trí lỗ vượt ±0,02 mm)",,Đã xử lý,24,Trần Minh Đức,duc.tm@tmtv.example,完了
MP-2025-004349,2025/12/02 18:30,豊橋,加工2ライン,LT-0315,CNC旋盤 LT-300,,チャックの把握力不足でワークが滑る,油圧ユニットの圧力低下,油圧を2.5MPaに再調整,39,加藤 美咲,m.kato@tokai-minato.example,完了
MP-2025-004350,2025/12/03 07:10,バクニン,Line 3（搬送）,CV-V301,搬送コンベア CV-20,,"Băng tải dừng đột ngột, cảm biến không nhận được phôi",Cảm biến quang bị lệch vị trí,センサ位置調整,14,Đỗ Thanh Long,long.dt@tmtv.example,完了
MP-2025-004351,2025/12/04 03:50,豊橋,加工1ライン,MC-0229,横形マシニングセンタ MC-850H,AL-5003,X軸サーボ過負荷で停止,ジャバラ内部への切粉噛み込み,ジャバラ内部清掃、摺動面に給油,142,田中 誠,m.tanaka@tokai-minato.example,完了
MP-2025-004352,2025/12/04 16:15,バクニン,Line 2（旋削）,LT-V207,CNC旋盤 LT-300,AL-1520,Lỗi AL-1520: đài dao không xoay được,インデックスモータ過熱,,,Đỗ Thanh Long,long.dt@tmtv.example,対応中
MP-2025-004353,2025/12/05 09:05,バクニン,Line 2（旋削）,LT-V202,CNC旋盤 LT-300,AL-1520,Lỗi AL-1520: đài dao không xoay được,,冷却後に再起動、負荷を確認,20,Nguyễn Văn Hùng,hung.nv@tmtv.example,完了
MP-2025-004354,2025/12/05 14:05,豊橋,加工2ライン,LT-0321,CNC旋盤 LT-300,AL-1520,刃物台旋回不良（AL-1520）,インデックスモータ過熱,冷却後に再起動、負荷を確認,85,加藤 美咲,m.kato@tokai-minato.example,完了
MP-2025-004355,2025/12/06 07:00,豊橋,加工1ライン,MC-0201,横形マシニングセンタ MC-850H,AL-2310,主軸温度異常アラーム,冷却ユニットの冷却油不足,冷却油補充、冷却ユニット再起動,54,中村 翔,s.nakamura@tokai-minato.example,完了
MP-2025-004356,2025/12/08 00:05,豊橋,加工2ライン,LT-0315,CNC旋盤 LT-300,AL-1520,刃物台旋回不良（AL-1520）,インデックスモータ過熱,冷却後に再起動、負荷を確認,26,山田 太郎,t.yamada@tokai-minato.example,完了
MP-2025-004357,2025/12/09 03:50,刈谷,成形ライン,IM-0501,射出成形機 IM-180,,ショートショットが多発,樹脂の乾燥不足,乾燥時間を4時間に延長,75,加藤 美咲,m.kato@tokai-minato.example,完了
MP-2025-004358,2025/12/10 14:10,豊橋,加工2ライン,LT-0307,CNC旋盤 LT-300,AL-1520,刃物台旋回不良（AL-1520）,,冷却後に再起動、負荷を確認,51,鈴木 一郎,i.suzuki@tokai-minato.example,完了
MP-2025-004359,2025/12/12 07:30,刈谷,プレスライン,HP-0101,油圧プレス HP-200,,加圧力が設定値まで上がらない,,リリーフ弁交換,327,田中 誠,m.tanaka@tokai-minato.example,完了
MP-2025-004360,2025/12/12 16:00,バクニン,Line 2（旋削）,LT-V202,CNC旋盤 LT-300,,"Mâm cặp kẹp không chặt, phôi bị trượt",Chấu kẹp bị mòn,Thay chấu kẹp,92,Đỗ Thanh Long,long.dt@tmtv.example,完了
MP-2025-004361,2025/12/14 00:00,豊橋,加工1ライン,MC-0222,横形マシニングセンタ MC-850H,AL-5003,X軸サーボ過負荷で停止,ジャバラ内部への切粉噛み込み,ジャバラ内部清掃、摺動面に給油,35,山田 太郎,t.yamada@tokai-minato.example,完了
MP-2025-004362,2025/12/14 12:15,豊橋,加工1ライン,MC-0224,横形マシニングセンタ MC-850H,AL-2101,潤滑油圧低下アラーム（AL-2101）で停止,潤滑油フィルタの目詰まり,,,小林 浩二,k.kobayashi@tokai-minato.example,対応中
MP-2025-004363,2025/12/14 19:50,豊橋,加工1ライン,MC-0210,横形マシニングセンタ MC-850H,AL-3012,ATC工具交換中に停止（AL-3012 タイムアウト）,,工場エア配管のドレン排出、エア圧0.55MPaに回復,48,渡辺 拓也,t.watanabe@tokai-minato.example,完了
MP-2025-004364,2025/12/15 05:15,豊橋,加工2ライン,LT-0305,CNC旋盤 LT-300,,チャックの把握力不足でワークが滑る,油圧ユニットの圧力低下,油圧を2.5MPaに再調整,46,加藤 美咲,m.kato@tokai-minato.example,完了
MP-2025-004365,2025/12/17 09:00,バクニン,Line 3（搬送）,CV-V304,搬送コンベア CV-20,,"Băng tải kêu to, rung mạnh ở đoạn cuối",Ổ bi bị mòn,OK,33,Nguyễn Văn Hùng,hung.nv@tmtv.example,完了
MP-2025-004366,2025/12/17 09:50,豊橋,加工1ライン,MC-0221,横形マシニングセンタ MC-850H,AL-2310,主軸温度異常アラーム,,冷却油補充、冷却ユニット再起動,47,伊藤 大輔,d.ito@tokai-minato.example,完了
MP-2025-004367,2025/12/18 05:10,バクニン,Line 1（加工）,MC-V112,横形マシニングセンタ MC-850H,AL-3012,Lỗi AL-3012: ATC thay dao bị timeout,Phoi bám vào cảm biến tiệm cận,"Vệ sinh cảm biến, thực hiện về gốc ATC",23,Nguyễn Văn Hùng,hung.nv@tmtv.example,完了
MP-2025-004368,2025/12/20 09:50,刈谷,プレスライン,HP-0107,油圧プレス HP-200,,加圧力が設定値まで上がらない,,リリーフ弁交換,60,加藤 美咲,m.kato@tokai-minato.example,完了
MP-2025-004369,2025/12/21 05:15,豊橋,加工2ライン,LT-0312,CNC旋盤 LT-300,,チャックの把握力不足でワークが滑る,,油圧を2.5MPaに再調整,25,小林 浩二,k.kobayashi@tokai-minato.example,完了
MP-2025-004370,2025/12/24 14:30,豊橋,加工2ライン,LT-0318,CNC旋盤 LT-300,,チャックの把握力不足でワークが滑る,チャック爪の摩耗,爪交換,123,中村 翔,s.nakamura@tokai-minato.example,完了
MP-2025-004371,2025/12/24 15:20,豊橋,加工2ライン,LT-0313,CNC旋盤 LT-300,,チャックの把握力不足でワークが滑る,油圧ユニットの圧力低下,油圧を2.5MPaに再調整,131,小林 浩二,k.kobayashi@tokai-minato.example,完了
MP-2025-004372,2025/12/25 01:50,バクニン,Line 3（搬送）,CV-V304,搬送コンベア CV-20,,"Băng tải dừng đột ngột, cảm biến không nhận được phôi",,Chỉnh lại vị trí cảm biến,11,Phạm Quốc Tuấn,tuan.pq@tmtv.example,完了
MP-2025-004373,2025/12/26 05:30,豊橋,加工1ライン,MC-0202,横形マシニングセンタ MC-850H,AL2310,主軸温度異常アラーム,冷却ユニットの冷却油不足,冷却油補充、冷却ユニット再起動,30,渡辺 拓也,t.watanabe@tokai-minato.example,完了
MP-2025-004374,2025/12/26 23:10,豊橋,加工1ライン,MC-0227,横形マシニングセンタ MC-850H,al-4050,クーラント液面低下で停止,蒸発・切粉による持ち出し,クーラント補充、濃度6%に調整,8,中村 翔,s.nakamura@tokai-minato.example,完了
MP-2025-004375,2025/12/27 09:15,刈谷,成形ライン,IM-0514,射出成形機 IM-180,,ショートショットが多発,樹脂の乾燥不足,乾燥時間を4時間に延長,71,小林 浩二,k.kobayashi@tokai-minato.example,完了
MP-2025-004376,2025/12/27 10:45,バクニン,Line 3（搬送）,CV-V304,搬送コンベア CV-20,,"Băng tải kêu to, rung mạnh ở đoạn cuối",ベアリング劣化,Thay ổ bi,110,Hoàng Văn Nam,nam.hv@tmtv.example,完了
MP-2025-004377,2025/12/30 00:40,豊橋,加工1ライン,MC-0238,横形マシニングセンタ MC-850H,AL-2047,主軸回転中に異音（キーン音）が発生。加工面にびびりマークあり,,工具交換、切削条件（送り）を10%下げて様子見,97,渡辺 拓也,t.watanabe@tokai-minato.example,完了
MP-2025-004378,2025/12/30 16:40,豊橋,加工2ライン,LT-0306,CNC旋盤 LT-300,,チャックの把握力不足でワークが滑る,チャック爪の摩耗,Đã xử lý,62,伊藤 大輔,d.ito@tokai-minato.example,完了
MP-2025-004379,2025/12/31 05:30,刈谷,プレスライン,HP-0107,油圧プレス HP-200,,加圧力が設定値まで上がらない,リリーフ弁の不良,リリーフ弁交換,225,小林 浩二,k.kobayashi@tokai-minato.example,完了
MP-2025-004380,2025/12/31 08:15,刈谷,成形ライン,IM-0508,射出成形機 IM-180,,ショートショットが多発,ノズル詰まり,ノズル清掃,46,吉田 剛,t.yoshida@tokai-minato.example,完了
MP-2026-004381,2026/01/01 02:15,豊橋,加工1ライン,MC-0201,横形マシニングセンタ MC-850H,al-4050,クーラント液面低下で停止,,クーラント補充、濃度6%に調整,11,鈴木 一郎,i.suzuki@tokai-minato.example,完了
MP-2026-004382,2026/01/01 07:00,豊橋,加工2ライン,LT-0301,CNC旋盤 LT-300,,チャックの把握力不足でワークが滑る,チャック爪の摩耗,爪交換,20,加藤 美咲,m.kato@tokai-minato.example,完了
MP-2026-004383,2026/01/01 10:40,豊橋,加工1ライン,MC-0218,横形マシニングセンタ MC-850H,AL-2101,潤滑油圧低下アラーム（AL-2101）で停止,潤滑油フィルタの目詰まり,フィルタ清掃・交換、油圧正常を確認,18,吉田 剛,t.yoshida@tokai-minato.example,完了
MP-2026-004384,2026/01/02 15:20,バクニン,Line 1（加工）,MC-V113,横形マシニングセンタ MC-850H,AL 2101,Máy dừng do lỗi AL-2101 áp suất dầu bôi trơn thấp,Lọc dầu bôi trơn bị tắc,"Vệ sinh, thay lọc dầu; xác nhận áp suất bình thường",39,Phạm Quốc Tuấn,tuan.pq@tmtv.example,完了
MP-2026-004385,2026/01/02 16:50,バクニン,Line 3（搬送）,CV-V305,搬送コンベア CV-20,,"Băng tải dừng đột ngột, cảm biến không nhận được phôi",,,34,Hoàng Văn Nam,nam.hv@tmtv.example,完了
MP-2026-004386,2026/01/04 21:30,刈谷,プレスライン,HP-0101,油圧プレス HP-200,,加圧力が設定値まで上がらない,作動油の劣化,作動油交換（200L）,145,中村 翔,s.nakamura@tokai-minato.example,完了
MP-2026-004387,2026/01/05 15:45,バクニン,Line 2（旋削）,LT-V209,CNC旋盤 LT-300,AL-1520,Lỗi AL-1520: đài dao không xoay được,Động cơ chia độ quá nhiệt,"Để nguội rồi khởi động lại, kiểm tra tải",21,Đỗ Thanh Long,long.dt@tmtv.example,完了
MP-2026-004388,2026/01/06 06:50,豊橋,加工1ライン,MC-0208,横形マシニングセンタ MC-850H,al-3012,ATC工具交換中に停止（AL-3012 タイムアウト）,エア圧低下（0.42MPa）,工場エア配管のドレン排出、エア圧0.55MPaに回復,10,吉田 剛,t.yoshida@tokai-minato.example,完了
MP-2026-004389,2026/01/07 09:00,バクニン,Line 2（旋削）,LT-V203,CNC旋盤 LT-300,AL-1520,Lỗi AL-1520: đài dao không xoay được,Động cơ chia độ quá nhiệt,"Để nguội rồi khởi động lại, kiểm tra tải",50,Trần Minh Đức,duc.tm@tmtv.example,完了
MP-2026-004390,2026/01/09 02:00,豊橋,加工1ライン,MC-0232,横形マシニングセンタ MC-850H,AL-2101,潤滑油圧低下アラーム（AL-2101）で停止,潤滑油フィルタの目詰まり,フィルタ清掃・交換、油圧正常を確認,86,加藤 美咲,m.kato@tokai-minato.example,完了
MP-2026-004391,2026/01/09 21:40,バクニン,Line 2（旋削）,LT-V206,CNC旋盤 LT-300,AL1520,刃物台旋回不良（AL-1520）,インデックスモータ過熱,"Để nguội rồi khởi động lại, kiểm tra tải",46,Nguyễn Văn Hùng,hung.nv@tmtv.example,完了
MP-2026-004392,2026/01/11 13:45,豊橋,加工2ライン,LT-0302,CNC旋盤 LT-300,,チャックの把握力不足でワークが滑る,油圧ユニットの圧力低下,済,62,鈴木 一郎,i.suzuki@tokai-minato.example,完了
MP-2026-004393,2026/01/11 23:00,刈谷,成形ライン,IM-0502,射出成形機 IM-180,,ショートショットが多発,,乾燥時間を4時間に延長,45,高橋 健,k.takahashi@tokai-minato.example,完了
MP-2026-004394,2026/01/13 12:05,豊橋,加工2ライン,LT-0325,CNC旋盤 LT-300,AL-1520,刃物台旋回不良（AL-1520）,インデックスモータ過熱,冷却後に再起動、負荷を確認,15,伊藤 大輔,d.ito@tokai-minato.example,完了
MP-2026-004395,2026/01/15 19:30,刈谷,プレスライン,HP-0105,油圧プレス HP-200,,加圧力が設定値まで上がらない,作動油の劣化,作動油交換（200L）,132,中村 翔,s.nakamura@tokai-minato.example,完了
MP-2026-004396,2026/01/17 00:30,豊橋,加工2ライン,LT-0317,CNC旋盤 LT-300,,チャックの把握力不足でワークが滑る,チャック爪の摩耗,爪交換,84,小林 浩二,k.kobayashi@tokai-minato.example,完了
MP-2026-004397,2026/01/17 09:10,刈谷,成形ライン,IM-0508,射出成形機 IM-180,,ショートショットが多発,樹脂の乾燥不足,乾燥時間を4時間に延長,20,加藤 美咲,m.kato@tokai-minato.example,完了
MP-2026-004398,2026/01/17 15:30,刈谷,成形ライン,IM-0515,射出成形機 IM-180,,金型温度が安定しない,温調機のヒータ断線,ヒータ交換,241,吉田 剛,t.yoshida@tokai-minato.example,完了
MP-2026-004399,2026/01/18 22:40,バクニン,Line 2（旋削）,LT-V206,CNC旋盤 LT-300,AL1520,Lỗi AL-1520: đài dao không xoay được,,"Để nguội rồi khởi động lại, kiểm tra tải",73,Đỗ Thanh Long,long.dt@tmtv.example,完了
MP-2026-004400,2026/01/19 15:20,バクニン,Line 1（加工）,MC-V106,横形マシニングセンタ MC-850H,AL-4050,Máy dừng do mức nước làm mát (coolant) thấp,蒸発・切粉による持ち出し,クーラント補充、濃度6%に調整,5,Phạm Quốc Tuấn,tuan.pq@tmtv.example,完了
MP-2026-004401,2026/01/20 19:50,豊橋,加工2ライン,LT-0305,CNC旋盤 LT-300,,チャックの把握力不足でワークが滑る,油圧ユニットの圧力低下,油圧を2.5MPaに再調整,123,小林 浩二,k.kobayashi@tokai-minato.example,完了
MP-2026-004402,2026/01/21 10:05,バクニン,Line 3（搬送）,CV-V301,搬送コンベア CV-20,,"Băng tải kêu to, rung mạnh ở đoạn cuối",ベアリング劣化,Thay ổ bi,143,Trần Minh Đức,duc.tm@tmtv.example,完了
MP-2026-004403,2026/01/21 10:40,豊橋,加工1ライン,MC-0225,横形マシニングセンタ MC-850H,al-2101,潤滑油圧低下アラーム（AL-2101）で停止,,フィルタ清掃・交換、油圧正常を確認,36,吉田 剛,t.yoshida@tokai-minato.example,完了
MP-2026-004404,2026/01/23 06:15,豊橋,加工1ライン,MC-0203,横形マシニングセンタ MC-850H,AL-2101,潤滑油圧低下アラーム（AL-2101）で停止,潤滑油フィルタの目詰まり,対応済,48,田中 誠,m.tanaka@tokai-minato.example,完了
MP-2026-004405,2026/01/25 04:00,バクニン,Line 3（搬送）,CV-V305,搬送コンベア CV-20,,"Băng tải dừng đột ngột, cảm biến không nhận được phôi",,OK,17,Đỗ Thanh Long,long.dt@tmtv.example,完了
MP-2026-004406,2026/01/25 12:40,豊橋,加工1ライン,MC-0213,横形マシニングセンタ MC-850H,AL 2047,主軸回転中に異音（キーン音）が発生。加工面にびびりマークあり,主軸ベアリング損傷（振動 3.4mm/s）,使用中止。メーカーにベアリング交換を依頼,257,小林 浩二,k.kobayashi@tokai-minato.example,完了
MP-2026-004407,2026/01/26 08:15,刈谷,成形ライン,IM-0506,射出成形機 IM-180,,ショートショットが多発,,ノズル清掃,226,吉田 剛,t.yoshida@tokai-minato.example,完了
MP-2026-004408,2026/01/28 00:20,刈谷,プレスライン,HP-0110,油圧プレス HP-200,,スライド下降時に異音,ガイド部の給油不足,給油、ギブ調整,100,田中 誠,m.tanaka@tokai-minato.example,完了
MP-2026-004409,2026/01/28 17:00,豊橋,加工2ライン,LT-0321,CNC旋盤 LT-300,,チャックの把握力不足でワークが滑る,,油圧を2.5MPaに再調整,86,小林 浩二,k.kobayashi@tokai-minato.example,完了
MP-2026-004410,2026/01/28 18:30,豊橋,加工2ライン,LT-0317,CNC旋盤 LT-300,,チャックの把握力不足でワークが滑る,油圧ユニットの圧力低下,油圧を2.5MPaに再調整,141,中村 翔,s.nakamura@tokai-minato.example,完了
MP-2026-004411,2026/01/30 16:00,豊橋,加工1ライン,MC-0236,横形マシニングセンタ MC-850H,AL-2101,潤滑油圧低下アラーム（AL-2101）で停止,潤滑油フィルタの目詰まり,フィルタ清掃・交換、油圧正常を確認,15,小林 浩二,k.kobayashi@tokai-minato.example,完了
MP-2026-004412,2026/01/30 22:45,刈谷,プレスライン,HP-0111,油圧プレス HP-200,,加圧力が設定値まで上がらない,,作動油交換（200L）,307,山田 太郎,t.yamada@tokai-minato.example,完了
MP-2026-004413,2026/01/30 23:00,豊橋,加工2ライン,LT-0304,CNC旋盤 LT-300,,チャックの把握力不足でワークが滑る,,油圧を2.5MPaに再調整,39,高橋 健,k.takahashi@tokai-minato.example,完了
MP-2026-004414,2026/01/30 23:40,豊橋,加工1ライン,MC-0208,横形マシニングセンタ MC-850H,AL-4050,クーラント液面低下で停止,蒸発・切粉による持ち出し,クーラント補充、濃度6%に調整,5,渡辺 拓也,t.watanabe@tokai-minato.example,完了
MP-2026-004415,2026/01/31 07:30,刈谷,プレスライン,HP-0106,油圧プレス HP-200,,加圧力が設定値まで上がらない,リリーフ弁の不良,リリーフ弁交換,60,鈴木 一郎,i.suzuki@tokai-minato.example,完了
MP-2026-004416,2026/02/01 11:05,豊橋,加工1ライン,MC-0231,横形マシニングセンタ MC-850H,AL-2310,主軸温度異常アラーム,冷却ユニットの冷却油不足,冷却油補充、冷却ユニット再起動,35,伊藤 大輔,d.ito@tokai-minato.example,完了
MP-2026-004417,2026/02/01 19:50,豊橋,加工2ライン,LT-0303,CNC旋盤 LT-300,,チャックの把握力不足でワークが滑る,,油圧を2.5MPaに再調整,94,山田 太郎,t.yamada@tokai-minato.example,完了
MP-2026-004418,2026/02/02 11:10,刈谷,プレスライン,HP-0108,油圧プレス HP-200,,加圧力が設定値まで上がらない,作動油の劣化,作動油交換（200L）,74,加藤 美咲,m.kato@tokai-minato.example,完了
MP-2026-004419,2026/02/05 01:30,豊橋,加工1ライン,MC-0216,横形マシニングセンタ MC-850H,AL-4050,クーラント液面低下で停止,蒸発・切粉による持ち出し,クーラント補充、濃度6%に調整,8,伊藤 大輔,d.ito@tokai-minato.example,完了
MP-2026-004420,2026/02/06 02:45,豊橋,加工2ライン,LT-0322,CNC旋盤 LT-300,,チャックの把握力不足でワークが滑る,油圧ユニットの圧力低下,油圧を2.5MPaに再調整,80,伊藤 大輔,d.ito@tokai-minato.example,完了
MP-2026-004421,2026/02/08 18:15,刈谷,成形ライン,IM-0506,射出成形機 IM-180,,ショートショットが多発,ノズル詰まり,ノズル清掃,20,伊藤 大輔,d.ito@tokai-minato.example,完了
MP-2026-004422,2026/02/09 17:10,豊橋,加工2ライン,LT-0324,CNC旋盤 LT-300,AL1520,刃物台旋回不良（AL-1520）,インデックスモータ過熱,冷却後に再起動、負荷を確認,54,山田 太郎,t.yamada@tokai-minato.example,完了
MP-2026-004423,2026/02/10 21:15,豊橋,加工2ライン,LT-0304,CNC旋盤 LT-300,AL-1520,刃物台旋回不良（AL-1520）,,,,小林 浩二,k.kobayashi@tokai-minato.example,保留
MP-2026-004424,2026/02/11 21:40,豊橋,加工2ライン,LT-0306,CNC旋盤 LT-300,AL-1520,刃物台旋回不良（AL-1520）,,冷却後に再起動、負荷を確認,44,鈴木 一郎,i.suzuki@tokai-minato.example,完了
MP-2026-004425,2026/02/12 06:20,バクニン,Line 1（加工）,MC-V118,横形マシニングセンタ MC-850H,AL-3012,Lỗi AL-3012: ATC thay dao bị timeout,,"Xả nước đường ống khí, áp suất phục hồi 0,55 MPa",25,Đỗ Thanh Long,long.dt@tmtv.example,完了
MP-2026-004426,2026/02/13 02:50,バクニン,Line 3（搬送）,CV-V303,搬送コンベア CV-20,,"Băng tải dừng đột ngột, cảm biến không nhận được phôi",Cảm biến quang bị lệch vị trí,センサ位置調整,9,Nguyễn Văn Hùng,hung.nv@tmtv.example,完了
MP-2026-004427,2026/02/13 14:50,豊橋,加工2ライン,LT-0308,CNC旋盤 LT-300,,チャックの把握力不足でワークが滑る,,油圧を2.5MPaに再調整,22,山田 太郎,t.yamada@tokai-minato.example,完了
MP-2026-004428,2026/02/14 11:00,豊橋,加工2ライン,LT-0320,CNC旋盤 LT-300,AL1520,刃物台旋回不良（AL-1520）,,冷却後に再起動、負荷を確認,19,小林 浩二,k.kobayashi@tokai-minato.example,完了
MP-2026-004429,2026/02/15 14:05,刈谷,成形ライン,IM-0503,射出成形機 IM-180,,ショートショットが多発,樹脂の乾燥不足,乾燥時間を4時間に延長,88,田中 誠,m.tanaka@tokai-minato.example,完了
MP-2026-004430,2026/02/17 22:00,バクニン,Line 3（搬送）,CV-V303,搬送コンベア CV-20,,"Băng tải dừng đột ngột, cảm biến không nhận được phôi",,Đã xử lý,6,Phạm Quốc Tuấn,tuan.pq@tmtv.example,保留
MP-2026-004431,2026/02/18 22:05,豊橋,加工2ライン,LT-0308,CNC旋盤 LT-300,AL-1520,刃物台旋回不良（AL-1520）,,冷却後に再起動、負荷を確認,86,加藤 美咲,m.kato@tokai-minato.example,完了
MP-2026-004432,2026/02/19 08:30,バクニン,Line 1（加工）,MC-V113,横形マシニングセンタ MC-850H,AL2101,潤滑油圧低下アラーム（AL-2101）で停止,Lọc dầu bôi trơn bị tắc,フィルタ清掃・交換、油圧正常を確認,75,Đỗ Thanh Long,long.dt@tmtv.example,完了
MP-2026-004433,2026/02/19 15:15,刈谷,成形ライン,IM-0511,射出成形機 IM-180,,金型温度が安定しない,,ヒータ交換,57,高橋 健,k.takahashi@tokai-minato.example,完了
MP-2026-004434,2026/02/21 08:20,バクニン,Line 3（搬送）,CV-V306,搬送コンベア CV-20,,"Băng tải kêu to, rung mạnh ở đoạn cuối",Ổ bi bị mòn,ベアリング交換,88,Lê Thị Hoa,hoa.lt@tmtv.example,完了
MP-2026-004435,2026/02/22 03:45,バクニン,Line 2（旋削）,LT-V210,CNC旋盤 LT-300,al-1520,Lỗi AL-1520: đài dao không xoay được,,"Để nguội rồi khởi động lại, kiểm tra tải",18,Hoàng Văn Nam,nam.hv@tmtv.example,完了
MP-2026-004436,2026/02/22 05:45,刈谷,成形ライン,IM-0504,射出成形機 IM-180,,ショートショットが多発,ノズル詰まり,ノズル清掃,85,吉田 剛,t.yoshida@tokai-minato.example,完了
MP-2026-004437,2026/02/22 07:15,豊橋,加工2ライン,LT-0316,CNC旋盤 LT-300,,チャックの把握力不足でワークが滑る,チャック爪の摩耗,爪交換,21,吉田 剛,t.yoshida@tokai-minato.example,完了
MP-2026-004438,2026/02/22 15:05,刈谷,プレスライン,HP-0106,油圧プレス HP-200,,加圧力が設定値まで上がらない,作動油の劣化,作動油交換（200L）,60,鈴木 一郎,i.suzuki@tokai-minato.example,完了
MP-2026-004439,2026/02/22 16:30,刈谷,成形ライン,IM-0510,射出成形機 IM-180,,ショートショットが多発,,乾燥時間を4時間に延長,60,鈴木 一郎,i.suzuki@tokai-minato.example,完了
MP-2026-004440,2026/02/23 12:45,豊橋,加工1ライン,MC-0203,横形マシニングセンタ MC-850H,AL-2310,主軸温度異常アラーム,冷却ユニットの冷却油不足,冷却油補充、冷却ユニット再起動,20,中村 翔,s.nakamura@tokai-minato.example,完了
MP-2026-004441,2026/02/23 17:50,バクニン,Line 2（旋削）,LT-V205,CNC旋盤 LT-300,AL-1520,Lỗi AL-1520: đài dao không xoay được,Động cơ chia độ quá nhiệt,"Để nguội rồi khởi động lại, kiểm tra tải",17,Phạm Quốc Tuấn,tuan.pq@tmtv.example,完了
MP-2026-004442,2026/02/25 22:05,バクニン,Line 1（加工）,MC-V104,横形マシニングセンタ MC-850H,AL-3012,Lỗi AL-3012: ATC thay dao bị timeout,,OK,,Nguyễn Văn Hùng,hung.nv@tmtv.example,保留
MP-2026-004443,2026/02/26 00:45,豊橋,加工2ライン,LT-0310,CNC旋盤 LT-300,al-1520,刃物台旋回不良（AL-1520）,インデックスモータ過熱,冷却後に再起動、負荷を確認,80,加藤 美咲,m.kato@tokai-minato.example,完了
MP-2026-004444,2026/02/27 05:40,豊橋,加工2ライン,LT-0310,CNC旋盤 LT-300,,チャックの把握力不足でワークが滑る,チャック爪の摩耗,爪交換,22,山田 太郎,t.yamada@tokai-minato.example,完了
MP-2026-004445,2026/02/27 06:05,豊橋,加工2ライン,LT-0321,CNC旋盤 LT-300,,チャックの把握力不足でワークが滑る,油圧ユニットの圧力低下,油圧を2.5MPaに再調整,63,吉田 剛,t.yoshida@tokai-minato.example,完了
MP-2026-004446,2026/02/27 14:45,バクニン,Line 3（搬送）,CV-V301,搬送コンベア CV-20,,"Băng tải dừng đột ngột, cảm biến không nhận được phôi",,Đã xử lý,5,Lê Thị Hoa,hoa.lt@tmtv.example,完了
MP-2026-004447,2026/02/28 00:20,豊橋,加工1ライン,MC-0202,横形マシニングセンタ MC-850H,AL-2310,主軸温度異常アラーム,,冷却油補充、冷却ユニット再起動,20,吉田 剛,t.yoshida@tokai-minato.example,完了
MP-2026-004448,2026/02/28 11:15,刈谷,プレスライン,HP-0107,油圧プレス HP-200,,加圧力が設定値まで上がらない,作動油の劣化,作動油交換（200L）,315,山田 太郎,t.yamada@tokai-minato.example,完了
MP-2026-004449,2026/03/03 10:00,刈谷,成形ライン,IM-0508,射出成形機 IM-180,,金型温度が安定しない,温調機のヒータ断線,ヒータ交換,69,渡辺 拓也,t.watanabe@tokai-minato.example,完了
MP-2026-004450,2026/03/04 08:10,豊橋,加工2ライン,LT-0315,CNC旋盤 LT-300,AL-1520,刃物台旋回不良（AL-1520）,インデックスモータ過熱,冷却後に再起動、負荷を確認,54,伊藤 大輔,d.ito@tokai-minato.example,完了
MP-2026-004451,2026/03/06 08:15,刈谷,成形ライン,IM-0504,射出成形機 IM-180,,ショートショットが多発,樹脂の乾燥不足,乾燥時間を4時間に延長,88,高橋 健,k.takahashi@tokai-minato.example,完了
MP-2026-004452,2026/03/07 15:00,豊橋,加工2ライン,LT-0312,CNC旋盤 LT-300,,チャックの把握力不足でワークが滑る,油圧ユニットの圧力低下,油圧を2.5MPaに再調整,29,高橋 健,k.takahashi@tokai-minato.example,完了
MP-2026-004453,2026/03/08 08:05,豊橋,加工1ライン,MC-0215,横形マシニングセンタ MC-850H,AL-2047,主軸回転中に異音（キーン音）が発生。加工面にびびりマークあり,工具摩耗による切削抵抗増加,工具交換、切削条件（送り）を10%下げて様子見,36,山田 太郎,t.yamada@tokai-minato.example,完了
MP-2026-004454,2026/03/09 01:15,豊橋,加工1ライン,MC-0236,横形マシニングセンタ MC-850H,AL-3012,ATC工具交換中に停止（AL-3012 タイムアウト）,近接センサへの切粉付着,センサ清掃、ATC原点復帰を実施,16,高橋 健,k.takahashi@tokai-minato.example,完了
MP-2026-004455,2026/03/10 20:20,豊橋,加工1ライン,MC-0203,横形マシニングセンタ MC-850H,AL-4050,クーラント液面低下で停止,,クーラント補充、濃度6%に調整,5,高橋 健,k.takahashi@tokai-minato.example,完了
MP-2026-004456,2026/03/12 13:05,刈谷,プレスライン,HP-0105,油圧プレス HP-200,,スライド下降時に異音,ガイド部の給油不足,給油、ギブ調整,104,鈴木 一郎,i.suzuki@tokai-minato.example,完了
MP-2026-004457,2026/03/14 07:10,刈谷,成形ライン,IM-0513,射出成形機 IM-180,,ショートショットが多発,ノズル詰まり,ノズル清掃,,渡辺 拓也,t.watanabe@tokai-minato.example,対応中
MP-2026-004458,2026/03/14 10:45,豊橋,加工1ライン,MC-0231,横形マシニングセンタ MC-850H,AL-4050,クーラント液面低下で停止,蒸発・切粉による持ち出し,クーラント補充、濃度6%に調整,18,鈴木 一郎,i.suzuki@tokai-minato.example,完了
MP-2026-004459,2026/03/14 11:30,刈谷,プレスライン,HP-0109,油圧プレス HP-200,,加圧力が設定値まで上がらない,リリーフ弁の不良,リリーフ弁交換,305,加藤 美咲,m.kato@tokai-minato.example,完了
MP-2026-004460,2026/03/14 14:00,バクニン,Line 2（旋削）,LT-V205,CNC旋盤 LT-300,,"Mâm cặp kẹp không chặt, phôi bị trượt",Áp suất bộ thủy lực giảm,"Chỉnh lại áp suất thủy lực 2,5 MPa",57,Lê Thị Hoa,hoa.lt@tmtv.example,完了
MP-2026-004461,2026/03/14 14:10,豊橋,加工2ライン,LT-0310,CNC旋盤 LT-300,,チャックの把握力不足でワークが滑る,チャック爪の摩耗,爪交換,28,高橋 健,k.takahashi@tokai-minato.example,完了
MP-2026-004462,2026/03/14 19:40,刈谷,プレスライン,HP-0104,油圧プレス HP-200,,加圧力が設定値まで上がらない,リリーフ弁の不良,済,118,小林 浩二,k.kobayashi@tokai-minato.example,完了
MP-2026-004463,2026/03/15 03:00,刈谷,プレスライン,HP-0112,油圧プレス HP-200,,スライド下降時に異音,ガイド部の給油不足,給油、ギブ調整,82,山田 太郎,t.yamada@tokai-minato.example,完了
MP-2026-004464,2026/03/15 13:30,豊橋,加工2ライン,LT-0310,CNC旋盤 LT-300,,チャックの把握力不足でワークが滑る,油圧ユニットの圧力低下,対応済,118,伊藤 大輔,d.ito@tokai-minato.example,完了
MP-2026-004465,2026/03/15 21:45,豊橋,加工1ライン,MC-0203,横形マシニングセンタ MC-850H,AL-2047,主軸回転中に異音（キーン音）が発生。加工面にびびりマークあり,工具摩耗による切削抵抗増加,工具交換、切削条件（送り）を10%下げて様子見,30,山田 太郎,t.yamada@tokai-minato.example,完了
MP-2026-004466,2026/03/16 00:40,バクニン,Line 3（搬送）,CV-V303,搬送コンベア CV-20,,"Băng tải kêu to, rung mạnh ở đoạn cuối",Ổ bi bị mòn,ベアリング交換,81,Hoàng Văn Nam,nam.hv@tmtv.example,完了
MP-2026-004467,2026/03/17 12:05,豊橋,加工2ライン,LT-0311,CNC旋盤 LT-300,al-1520,刃物台旋回不良（AL-1520）,インデックスモータ過熱,冷却後に再起動、負荷を確認,15,渡辺 拓也,t.watanabe@tokai-minato.example,完了
MP-2026-004468,2026/03/17 23:40,刈谷,プレスライン,HP-0106,油圧プレス HP-200,,加圧力が設定値まで上がらない,作動油の劣化,作動油交換（200L）,291,吉田 剛,t.yoshida@tokai-minato.example,完了
MP-2026-004469,2026/03/18 16:00,バクニン,Line 2（旋削）,LT-V206,CNC旋盤 LT-300,,チャックの把握力不足でワークが滑る,Áp suất bộ thủy lực giảm,油圧を2.5MPaに再調整,25,Lê Thị Hoa,hoa.lt@tmtv.example,完了
MP-2026-004470,2026/03/18 23:50,豊橋,加工1ライン,MC-0234,横形マシニングセンタ MC-850H,AL-2047,主軸回転中に異音（キーン音）が発生。加工面にびびりマークあり,,使用中止。メーカーにベアリング交換を依頼,169,吉田 剛,t.yoshida@tokai-minato.example,完了
MP-2026-004471,2026/03/19 15:45,豊橋,加工1ライン,MC-0228,横形マシニングセンタ MC-850H,AL-2310,主軸温度異常アラーム,冷却ユニットの冷却油不足,冷却油補充、冷却ユニット再起動,20,吉田 剛,t.yoshida@tokai-minato.example,完了
MP-2026-004472,2026/03/20 12:00,豊橋,加工2ライン,LT-0314,CNC旋盤 LT-300,AL-1520,刃物台旋回不良（AL-1520）,インデックスモータ過熱,冷却後に再起動、負荷を確認,15,高橋 健,k.takahashi@tokai-minato.example,完了
MP-2026-004473,2026/03/20 16:05,バクニン,Line 2（旋削）,LT-V212,CNC旋盤 LT-300,AL-1520,Lỗi AL-1520: đài dao không xoay được,インデックスモータ過熱,冷却後に再起動、負荷を確認,36,Hoàng Văn Nam,nam.hv@tmtv.example,完了
MP-2026-004474,2026/03/20 17:40,豊橋,加工1ライン,MC-0234,横形マシニングセンタ MC-850H,AL 3012,ATC工具交換中に停止（AL-3012 タイムアウト）,近接センサへの切粉付着,センサ清掃、ATC原点復帰を実施,11,伊藤 大輔,d.ito@tokai-minato.example,完了
MP-2026-004475,2026/03/22 15:30,豊橋,加工1ライン,MC-0235,横形マシニングセンタ MC-850H,AL-2101,潤滑油圧低下アラーム（AL-2101）で停止,潤滑油フィルタの目詰まり,フィルタ清掃・交換、油圧正常を確認,44,高橋 健,k.takahashi@tokai-minato.example,完了
MP-2026-004476,2026/03/22 19:40,バクニン,Line 1（加工）,MC-V116,横形マシニングセンタ MC-850H,AL-2101,潤滑油圧低下アラーム（AL-2101）で停止,潤滑油不足,Đã xử lý,31,Phạm Quốc Tuấn,tuan.pq@tmtv.example,完了
MP-2026-004477,2026/03/24 21:50,豊橋,加工2ライン,LT-0306,CNC旋盤 LT-300,al-1520,刃物台旋回不良（AL-1520）,インデックスモータ過熱,冷却後に再起動、負荷を確認,15,吉田 剛,t.yoshida@tokai-minato.example,完了
MP-2026-004478,2026/03/26 04:50,バクニン,Line 2（旋削）,LT-V208,CNC旋盤 LT-300,,"Mâm cặp kẹp không chặt, phôi bị trượt",油圧ユニットの圧力低下,"Chỉnh lại áp suất thủy lực 2,5 MPa",70,Trần Minh Đức,duc.tm@tmtv.example,完了
MP-2026-004479,2026/03/26 07:10,刈谷,プレスライン,HP-0104,油圧プレス HP-200,,スライド下降時に異音,ガイド部の給油不足,給油、ギブ調整,45,小林 浩二,k.kobayashi@tokai-minato.example,完了
MP-2026-004480,2026/03/26 10:10,豊橋,加工1ライン,MC-0221,横形マシニングセンタ MC-850H,AL-4050,クーラント液面低下で停止,,クーラント補充、濃度6%に調整,18,鈴木 一郎,i.suzuki@tokai-minato.example,完了
MP-2026-004481,2026/03/27 11:45,刈谷,プレスライン,HP-0103,油圧プレス HP-200,,加圧力が設定値まで上がらない,リリーフ弁の不良,リリーフ弁交換,136,吉田 剛,t.yoshida@tokai-minato.example,完了
MP-2026-004482,2026/03/27 16:00,刈谷,成形ライン,IM-0509,射出成形機 IM-180,,金型温度が安定しない,温調機のヒータ断線,ヒータ交換,47,高橋 健,k.takahashi@tokai-minato.example,完了
MP-2026-004483,2026/03/31 22:20,バクニン,Line 1（加工）,MC-V104,横形マシニングセンタ MC-850H,AL-5003,"Quá tải servo trục X, máy dừng",Phoi kẹt bên trong tấm che (jabara),ジャバラ内部清掃、摺動面に給油,96,Hoàng Văn Nam,nam.hv@tmtv.example,完了
MP-2026-004484,2026/04/01 00:00,バクニン,Line 2（旋削）,LT-V202,CNC旋盤 LT-300,AL-1520,Lỗi AL-1520: đài dao không xoay được,,"Để nguội rồi khởi động lại, kiểm tra tải",54,Đỗ Thanh Long,long.dt@tmtv.example,完了
MP-2026-004485,2026/04/01 00:15,刈谷,プレスライン,HP-0101,油圧プレス HP-200,,スライド下降時に異音,ガイド部の給油不足,給油、ギブ調整,33,中村 翔,s.nakamura@tokai-minato.example,完了
MP-2026-004486,2026/04/02 23:10,バクニン,Line 3（搬送）,CV-V301,搬送コンベア CV-20,,"Băng tải dừng đột ngột, cảm biến không nhận được phôi",,Đã xử lý,5,Hoàng Văn Nam,nam.hv@tmtv.example,完了
MP-2026-004487,2026/04/03 04:10,豊橋,加工2ライン,LT-0321,CNC旋盤 LT-300,,チャックの把握力不足でワークが滑る,油圧ユニットの圧力低下,油圧を2.5MPaに再調整,84,渡辺 拓也,t.watanabe@tokai-minato.example,完了
MP-2026-004488,2026/04/03 23:15,バクニン,Line 2（旋削）,LT-V201,CNC旋盤 LT-300,,"Mâm cặp kẹp không chặt, phôi bị trượt",チャック爪の摩耗,爪交換,26,Lê Thị Hoa,hoa.lt@tmtv.example,完了
MP-2026-004489,2026/04/05 10:30,バクニン,Line 1（加工）,MC-V103,横形マシニングセンタ MC-850H,AL-2047,主軸回転中に異音（キーン音）が発生。加工面にびびりマークあり,Dao bị mòn làm tăng lực cắt,工具交換、切削条件（送り）を10%下げて様子見,47,Trần Minh Đức,duc.tm@tmtv.example,完了
MP-2026-004490,2026/04/05 12:15,豊橋,加工1ライン,MC-0213,横形マシニングセンタ MC-850H,AL-5003,X軸サーボ過負荷で停止,ジャバラ内部への切粉噛み込み,ジャバラ内部清掃、摺動面に給油,42,中村 翔,s.nakamura@tokai-minato.example,完了
MP-2026-004491,2026/04/07 08:10,刈谷,プレスライン,HP-0103,油圧プレス HP-200,,スライド下降時に異音,ガイド部の給油不足,給油、ギブ調整,53,吉田 剛,t.yoshida@tokai-minato.example,完了
MP-2026-004492,2026/04/08 16:30,豊橋,加工2ライン,LT-0312,CNC旋盤 LT-300,,チャックの把握力不足でワークが滑る,チャック爪の摩耗,,,鈴木 一郎,i.suzuki@tokai-minato.example,対応中
MP-2026-004493,2026/04/10 10:45,豊橋,加工2ライン,LT-0324,CNC旋盤 LT-300,,チャックの把握力不足でワークが滑る,油圧ユニットの圧力低下,油圧を2.5MPaに再調整,60,吉田 剛,t.yoshida@tokai-minato.example,完了
MP-2026-004494,2026/04/10 11:30,バクニン,Line 2（旋削）,LT-V201,CNC旋盤 LT-300,,"Mâm cặp kẹp không chặt, phôi bị trượt",チャック爪の摩耗,Thay chấu kẹp,68,Đỗ Thanh Long,long.dt@tmtv.example,完了
MP-2026-004495,2026/04/11 15:15,バクニン,Line 2（旋削）,LT-V201,CNC旋盤 LT-300,,"Mâm cặp kẹp không chặt, phôi bị trượt",,"Chỉnh lại áp suất thủy lực 2,5 MPa",21,Đỗ Thanh Long,long.dt@tmtv.example,対応中
MP-2026-004496,2026/04/12 21:00,バクニン,Line 3（搬送）,CV-V305,搬送コンベア CV-20,,"Băng tải dừng đột ngột, cảm biến không nhận được phôi",,,5,Hoàng Văn Nam,nam.hv@tmtv.example,完了
MP-2026-004497,2026/04/13 19:00,豊橋,加工2ライン,LT-0301,CNC旋盤 LT-300,,チャックの把握力不足でワークが滑る,チャック爪の摩耗,爪交換,102,加藤 美咲,m.kato@tokai-minato.example,完了
MP-2026-004498,2026/04/13 20:10,豊橋,加工1ライン,MC-0226,横形マシニングセンタ MC-850H,AL-3012,ATC工具交換中に停止（AL-3012 タイムアウト）,,対応済,34,吉田 剛,t.yoshida@tokai-minato.example,完了
MP-2026-004499,2026/04/16 06:00,バクニン,Line 2（旋削）,LT-V203,CNC旋盤 LT-300,,"Mâm cặp kẹp không chặt, phôi bị trượt",チャック爪の摩耗,Thay chấu kẹp,22,Nguyễn Văn Hùng,hung.nv@tmtv.example,完了
MP-2026-004500,2026/04/16 14:20,刈谷,プレスライン,HP-0109,油圧プレス HP-200,,加圧力が設定値まで上がらない,作動油の劣化,作動油交換（200L）,306,加藤 美咲,m.kato@tokai-minato.example,完了
MP-2026-004501,2026/04/17 09:30,バクニン,Line 1（加工）,MC-V108,横形マシニングセンタ MC-850H,AL 3012,ATC工具交換中に停止（AL-3012 タイムアウト）,,工場エア配管のドレン排出、エア圧0.55MPaに回復,21,Đỗ Thanh Long,long.dt@tmtv.example,完了
MP-2026-004502,2026/04/17 15:30,バクニン,Line 3（搬送）,CV-V306,搬送コンベア CV-20,,"Băng tải kêu to, rung mạnh ở đoạn cuối",,ベアリング交換,66,Hoàng Văn Nam,nam.hv@tmtv.example,完了
MP-2026-004503,2026/04/19 20:40,バクニン,Line 1（加工）,MC-V103,横形マシニングセンタ MC-850H,AL-3012,Lỗi AL-3012: ATC thay dao bị timeout,Phoi bám vào cảm biến tiệm cận,"Vệ sinh cảm biến, thực hiện về gốc ATC",50,Phạm Quốc Tuấn,tuan.pq@tmtv.example,完了
MP-2026-004504,2026/04/19 23:10,豊橋,加工2ライン,LT-0306,CNC旋盤 LT-300,AL-1520,刃物台旋回不良（AL-1520）,インデックスモータ過熱,冷却後に再起動、負荷を確認,16,高橋 健,k.takahashi@tokai-minato.example,完了
MP-2026-004505,2026/04/20 17:00,豊橋,加工2ライン,LT-0318,CNC旋盤 LT-300,,チャックの把握力不足でワークが滑る,チャック爪の摩耗,爪交換,31,小林 浩二,k.kobayashi@tokai-minato.example,完了
MP-2026-004506,2026/04/21 05:00,刈谷,成形ライン,IM-0508,射出成形機 IM-180,,金型温度が安定しない,温調機のヒータ断線,ヒータ交換,256,吉田 剛,t.yoshida@tokai-minato.example,完了
MP-2026-004507,2026/04/21 23:30,刈谷,プレスライン,HP-0112,油圧プレス HP-200,,加圧力が設定値まで上がらない,作動油の劣化,作動油交換（200L）,71,山田 太郎,t.yamada@tokai-minato.example,完了
MP-2026-004508,2026/04/22 10:50,バクニン,Line 3（搬送）,CV-V301,搬送コンベア CV-20,,"Băng tải kêu to, rung mạnh ở đoạn cuối",,Thay ổ bi,128,Trần Minh Đức,duc.tm@tmtv.example,完了
MP-2026-004509,2026/04/23 20:45,バクニン,Line 3（搬送）,CV-V301,搬送コンベア CV-20,,"Băng tải kêu to, rung mạnh ở đoạn cuối",,Thay ổ bi,118,Đỗ Thanh Long,long.dt@tmtv.example,完了
MP-2026-004510,2026/04/23 23:20,刈谷,プレスライン,HP-0105,油圧プレス HP-200,,加圧力が設定値まで上がらない,リリーフ弁の不良,リリーフ弁交換,242,加藤 美咲,m.kato@tokai-minato.example,完了
MP-2026-004511,2026/04/29 16:30,刈谷,成形ライン,IM-0505,射出成形機 IM-180,,ショートショットが多発,樹脂の乾燥不足,乾燥時間を4時間に延長,27,加藤 美咲,m.kato@tokai-minato.example,完了
MP-2026-004512,2026/04/29 16:45,バクニン,Line 1（加工）,MC-V112,横形マシニングセンタ MC-850H,AL 2101,Máy dừng do lỗi AL-2101 áp suất dầu bôi trơn thấp,Thiếu dầu bôi trơn,Bổ sung dầu bôi trơn (khoảng 2 lít),53,Trần Minh Đức,duc.tm@tmtv.example,完了
MP-2026-004513,2026/04/29 22:15,バクニン,Line 1（加工）,MC-V104,横形マシニングセンタ MC-850H,AL-2101,潤滑油圧低下アラーム（AL-2101）で停止,Thiếu dầu bôi trơn,潤滑油補給（約2L）,68,Hoàng Văn Nam,nam.hv@tmtv.example,完了
MP-2026-004514,2026/04/30 08:40,豊橋,加工2ライン,LT-0307,CNC旋盤 LT-300,AL-1520,刃物台旋回不良（AL-1520）,インデックスモータ過熱,冷却後に再起動、負荷を確認,26,渡辺 拓也,t.watanabe@tokai-minato.example,完了
MP-2026-004515,2026/05/01 22:50,豊橋,加工2ライン,LT-0303,CNC旋盤 LT-300,,チャックの把握力不足でワークが滑る,チャック爪の摩耗,爪交換,23,高橋 健,k.takahashi@tokai-minato.example,完了
MP-2026-004516,2026/05/02 08:05,豊橋,加工2ライン,LT-0301,CNC旋盤 LT-300,,チャックの把握力不足でワークが滑る,,油圧を2.5MPaに再調整,74,加藤 美咲,m.kato@tokai-minato.example,完了
MP-2026-004517,2026/05/02 21:50,バクニン,Line 1（加工）,MC-V108,横形マシニングセンタ MC-850H,AL2310,Cảnh báo nhiệt độ trục chính bất thường,Thiếu dầu làm mát của bộ làm mát,"Bổ sung dầu làm mát, khởi động lại bộ làm mát",92,Trần Minh Đức,duc.tm@tmtv.example,完了
MP-2026-004518,2026/05/03 00:45,刈谷,プレスライン,HP-0108,油圧プレス HP-200,,スライド下降時に異音,ガイド部の給油不足,給油、ギブ調整,,小林 浩二,k.kobayashi@tokai-minato.example,対応中
MP-2026-004519,2026/05/03 15:10,豊橋,加工1ライン,MC-0240,横形マシニングセンタ MC-850H,AL 2101,潤滑油圧低下アラーム（AL-2101）で停止,潤滑油不足,,,高橋 健,k.takahashi@tokai-minato.example,保留
MP-2026-004520,2026/05/03 17:40,豊橋,加工1ライン,MC-0218,横形マシニングセンタ MC-850H,AL-2101,潤滑油圧低下アラーム（AL-2101）で停止,潤滑油不足,潤滑油補給（約2L）,17,高橋 健,k.takahashi@tokai-minato.example,完了
MP-2026-004521,2026/05/04 04:05,バクニン,Line 2（旋削）,LT-V212,CNC旋盤 LT-300,,"Mâm cặp kẹp không chặt, phôi bị trượt",油圧ユニットの圧力低下,"Chỉnh lại áp suất thủy lực 2,5 MPa",122,Hoàng Văn Nam,nam.hv@tmtv.example,完了
MP-2026-004522,2026/05/04 13:20,豊橋,加工2ライン,LT-0314,CNC旋盤 LT-300,,チャックの把握力不足でワークが滑る,チャック爪の摩耗,爪交換,87,加藤 美咲,m.kato@tokai-minato.example,完了
MP-2026-004523,2026/05/05 03:30,バクニン,Line 1（加工）,MC-V105,横形マシニングセンタ MC-850H,AL5003,"Quá tải servo trục X, máy dừng",Phoi kẹt bên trong tấm che (jabara),"Vệ sinh bên trong jabara, tra dầu bề mặt trượt",154,Đỗ Thanh Long,long.dt@tmtv.example,完了
MP-2026-004524,2026/05/06 05:15,豊橋,加工2ライン,LT-0309,CNC旋盤 LT-300,,チャックの把握力不足でワークが滑る,チャック爪の摩耗,爪交換,20,加藤 美咲,m.kato@tokai-minato.example,完了
MP-2026-004525,2026/05/06 15:50,バクニン,Line 2（旋削）,LT-V208,CNC旋盤 LT-300,,"Mâm cặp kẹp không chặt, phôi bị trượt",Chấu kẹp bị mòn,爪交換,101,Trần Minh Đức,duc.tm@tmtv.example,完了
MP-2026-004526,2026/05/06 16:20,豊橋,加工1ライン,MC-0219,横形マシニングセンタ MC-850H,AL-5003,X軸サーボ過負荷で停止,ジャバラ内部への切粉噛み込み,ジャバラ内部清掃、摺動面に給油,57,吉田 剛,t.yoshida@tokai-minato.example,完了
MP-2026-004527,2026/05/07 04:50,刈谷,プレスライン,HP-0108,油圧プレス HP-200,,加圧力が設定値まで上がらない,リリーフ弁の不良,リリーフ弁交換,183,山田 太郎,t.yamada@tokai-minato.example,完了
MP-2026-004528,2026/05/07 09:15,刈谷,プレスライン,HP-0104,油圧プレス HP-200,,加圧力が設定値まで上がらない,リリーフ弁の不良,リリーフ弁交換,83,田中 誠,m.tanaka@tokai-minato.example,完了
MP-2026-004529,2026/05/08 18:00,豊橋,加工1ライン,MC-0231,横形マシニングセンタ MC-850H,,加工寸法がばらつく（穴位置 ±0.02mm 超え）,,様子見,58,高橋 健,k.takahashi@tokai-minato.example,完了
MP-2026-004530,2026/05/09 07:50,刈谷,成形ライン,IM-0510,射出成形機 IM-180,,ショートショットが多発,ノズル詰まり,ノズル清掃,25,田中 誠,m.tanaka@tokai-minato.example,完了
MP-2026-004531,2026/05/09 08:40,バクニン,Line 3（搬送）,CV-V301,搬送コンベア CV-20,,"Băng tải kêu to, rung mạnh ở đoạn cuối",,Thay ổ bi,67,Trần Minh Đức,duc.tm@tmtv.example,完了
MP-2026-004532,2026/05/12 09:40,刈谷,成形ライン,IM-0504,射出成形機 IM-180,,ショートショットが多発,樹脂の乾燥不足,乾燥時間を4時間に延長,116,伊藤 大輔,d.ito@tokai-minato.example,完了
MP-2026-004533,2026/05/13 14:15,豊橋,加工2ライン,LT-0324,CNC旋盤 LT-300,,チャックの把握力不足でワークが滑る,チャック爪の摩耗,爪交換,48,吉田 剛,t.yoshida@tokai-minato.example,完了
MP-2026-004534,2026/05/14 20:05,バクニン,Line 1（加工）,MC-V104,横形マシニングセンタ MC-850H,AL-3012,Lỗi AL-3012: ATC thay dao bị timeout,エア圧低下（0.42MPa）,工場エア配管のドレン排出、エア圧0.55MPaに回復,10,Nguyễn Văn Hùng,hung.nv@tmtv.example,完了
MP-2026-004535,2026/05/16 17:20,豊橋,加工2ライン,LT-0324,CNC旋盤 LT-300,AL-1520,刃物台旋回不良（AL-1520）,インデックスモータ過熱,冷却後に再起動、負荷を確認,18,伊藤 大輔,d.ito@tokai-minato.example,完了
MP-2026-004536,2026/05/18 21:15,豊橋,加工1ライン,MC-0231,横形マシニングセンタ MC-850H,AL-2047,主軸回転中に異音（キーン音）が発生。加工面にびびりマークあり,主軸ベアリング損傷（振動 3.4mm/s）,使用中止。メーカーにベアリング交換を依頼,70,中村 翔,s.nakamura@tokai-minato.example,完了
MP-2026-004537,2026/05/20 14:00,バクニン,Line 2（旋削）,LT-V205,CNC旋盤 LT-300,AL-1520,刃物台旋回不良（AL-1520）,インデックスモータ過熱,"Để nguội rồi khởi động lại, kiểm tra tải",42,Trần Minh Đức,duc.tm@tmtv.example,完了
MP-2026-004538,2026/05/20 15:15,豊橋,加工2ライン,LT-0322,CNC旋盤 LT-300,AL1520,刃物台旋回不良（AL-1520）,,冷却後に再起動、負荷を確認,42,渡辺 拓也,t.watanabe@tokai-minato.example,完了
MP-2026-004539,2026/05/20 15:20,刈谷,成形ライン,IM-0515,射出成形機 IM-180,,ショートショットが多発,樹脂の乾燥不足,済,23,吉田 剛,t.yoshida@tokai-minato.example,完了
MP-2026-004540,2026/05/21 22:20,刈谷,プレスライン,HP-0105,油圧プレス HP-200,,加圧力が設定値まで上がらない,作動油の劣化,作動油交換（200L）,60,田中 誠,m.tanaka@tokai-minato.example,完了
MP-2026-004541,2026/05/24 00:30,刈谷,プレスライン,HP-0108,油圧プレス HP-200,,スライド下降時に異音,ガイド部の給油不足,給油、ギブ調整,47,鈴木 一郎,i.suzuki@tokai-minato.example,完了
MP-2026-004542,2026/05/24 22:15,バクニン,Line 2（旋削）,LT-V208,CNC旋盤 LT-300,al-1520,Lỗi AL-1520: đài dao không xoay được,Động cơ chia độ quá nhiệt,"Để nguội rồi khởi động lại, kiểm tra tải",51,Nguyễn Văn Hùng,hung.nv@tmtv.example,完了
MP-2026-004543,2026/05/25 17:45,刈谷,プレスライン,HP-0106,油圧プレス HP-200,,加圧力が設定値まで上がらない,リリーフ弁の不良,リリーフ弁交換,194,中村 翔,s.nakamura@tokai-minato.example,完了
MP-2026-004544,2026/05/25 22:15,バクニン,Line 2（旋削）,LT-V207,CNC旋盤 LT-300,,"Mâm cặp kẹp không chặt, phôi bị trượt",,"Chỉnh lại áp suất thủy lực 2,5 MPa",96,Phạm Quốc Tuấn,tuan.pq@tmtv.example,完了
MP-2026-004545,2026/05/26 23:15,バクニン,Line 2（旋削）,LT-V210,CNC旋盤 LT-300,AL1520,Lỗi AL-1520: đài dao không xoay được,Động cơ chia độ quá nhiệt,"Để nguội rồi khởi động lại, kiểm tra tải",19,Lê Thị Hoa,hoa.lt@tmtv.example,完了
MP-2026-004546,2026/05/27 06:50,バクニン,Line 2（旋削）,LT-V203,CNC旋盤 LT-300,AL-1520,Lỗi AL-1520: đài dao không xoay được,,"Để nguội rồi khởi động lại, kiểm tra tải",72,Đỗ Thanh Long,long.dt@tmtv.example,完了
MP-2026-004547,2026/05/27 19:50,バクニン,Line 2（旋削）,LT-V205,CNC旋盤 LT-300,,"Mâm cặp kẹp không chặt, phôi bị trượt",油圧ユニットの圧力低下,油圧を2.5MPaに再調整,91,Trần Minh Đức,duc.tm@tmtv.example,完了
MP-2026-004548,2026/05/28 09:00,刈谷,プレスライン,HP-0112,油圧プレス HP-200,,加圧力が設定値まで上がらない,リリーフ弁の不良,リリーフ弁交換,91,小林 浩二,k.kobayashi@tokai-minato.example,完了
MP-2026-004549,2026/05/28 13:20,バクニン,Line 1（加工）,MC-V102,横形マシニングセンタ MC-850H,AL-4050,Máy dừng do mức nước làm mát (coolant) thấp,蒸発・切粉による持ち出し,クーラント補充、濃度6%に調整,22,Trần Minh Đức,duc.tm@tmtv.example,完了
MP-2026-004550,2026/05/28 14:50,バクニン,Line 2（旋削）,LT-V209,CNC旋盤 LT-300,,"Mâm cặp kẹp không chặt, phôi bị trượt",チャック爪の摩耗,爪交換,24,Hoàng Văn Nam,nam.hv@tmtv.example,完了
MP-2026-004551,2026/05/29 00:45,バクニン,Line 1（加工）,MC-V113,横形マシニングセンタ MC-850H,AL-2047,"Trục chính phát ra tiếng rít khi quay, bề mặt gia công có vết rung (chatter)",主軸ベアリング損傷（振動 3.4mm/s）,"Dừng máy, yêu cầu hãng thay ổ bi trục chính",35,Trần Minh Đức,duc.tm@tmtv.example,完了
MP-2026-004552,2026/05/29 10:45,バクニン,Line 3（搬送）,CV-V302,搬送コンベア CV-20,,"Băng tải dừng đột ngột, cảm biến không nhận được phôi",光電センサの位置ずれ,Chỉnh lại vị trí cảm biến,41,Lê Thị Hoa,hoa.lt@tmtv.example,完了
MP-2026-004553,2026/05/30 22:45,豊橋,加工1ライン,MC-0225,横形マシニングセンタ MC-850H,AL-2047,主軸回転中に異音（キーン音）が発生。加工面にびびりマークあり,主軸ベアリング損傷（振動 3.4mm/s）,使用中止。メーカーにベアリング交換を依頼,35,高橋 健,k.takahashi@tokai-minato.example,完了
MP-2026-004554,2026/06/02 18:50,豊橋,加工2ライン,LT-0307,CNC旋盤 LT-300,AL-1520,刃物台旋回不良（AL-1520）,インデックスモータ過熱,冷却後に再起動、負荷を確認,18,小林 浩二,k.kobayashi@tokai-minato.example,完了
MP-2026-004555,2026/06/05 05:20,豊橋,加工1ライン,MC-0205,横形マシニングセンタ MC-850H,AL-5003,X軸サーボ過負荷で停止,ジャバラ内部への切粉噛み込み,ジャバラ内部清掃、摺動面に給油,89,山田 太郎,t.yamada@tokai-minato.example,完了
MP-2026-004556,2026/06/05 09:45,豊橋,加工2ライン,LT-0311,CNC旋盤 LT-300,AL1520,刃物台旋回不良（AL-1520）,インデックスモータ過熱,冷却後に再起動、負荷を確認,42,伊藤 大輔,d.ito@tokai-minato.example,完了
MP-2026-004557,2026/06/07 10:05,豊橋,加工2ライン,LT-0321,CNC旋盤 LT-300,,チャックの把握力不足でワークが滑る,チャック爪の摩耗,爪交換,78,高橋 健,k.takahashi@tokai-minato.example,完了
MP-2026-004558,2026/06/08 04:10,刈谷,成形ライン,IM-0503,射出成形機 IM-180,,金型温度が安定しない,温調機のヒータ断線,OK,92,渡辺 拓也,t.watanabe@tokai-minato.example,完了
MP-2026-004559,2026/06/10 19:20,バクニン,Line 2（旋削）,LT-V205,CNC旋盤 LT-300,AL-1520,Lỗi AL-1520: đài dao không xoay được,,済,16,Hoàng Văn Nam,nam.hv@tmtv.example,完了
MP-2026-004560,2026/06/11 07:40,豊橋,加工1ライン,MC-0221,横形マシニングセンタ MC-850H,AL2047,主軸回転中に異音（キーン音）が発生。加工面にびびりマークあり,,使用中止。メーカーにベアリング交換を依頼,132,渡辺 拓也,t.watanabe@tokai-minato.example,完了
MP-2026-004561,2026/06/13 04:30,バクニン,Line 2（旋削）,LT-V207,CNC旋盤 LT-300,,"Mâm cặp kẹp không chặt, phôi bị trượt",Chấu kẹp bị mòn,Thay chấu kẹp,96,Hoàng Văn Nam,nam.hv@tmtv.example,完了
MP-2026-004562,2026/06/13 20:10,豊橋,加工1ライン,MC-0207,横形マシニングセンタ MC-850H,,加工寸法がばらつく（穴位置 ±0.02mm 超え）,主軸の熱変位,暖機運転15分を標準化,41,吉田 剛,t.yoshida@tokai-minato.example,完了
MP-2026-004563,2026/06/14 16:15,刈谷,成形ライン,IM-0508,射出成形機 IM-180,,金型温度が安定しない,温調機のヒータ断線,済,274,山田 太郎,t.yamada@tokai-minato.example,完了
MP-2026-004564,2026/06/17 22:30,豊橋,加工1ライン,MC-0209,横形マシニングセンタ MC-850H,AL-4050,クーラント液面低下で停止,蒸発・切粉による持ち出し,クーラント補充、濃度6%に調整,23,高橋 健,k.takahashi@tokai-minato.example,完了
MP-2026-004565,2026/06/19 21:05,バクニン,Line 3（搬送）,CV-V304,搬送コンベア CV-20,,"Băng tải kêu to, rung mạnh ở đoạn cuối",ベアリング劣化,Thay ổ bi,95,Phạm Quốc Tuấn,tuan.pq@tmtv.example,完了
MP-2026-004566,2026/06/20 23:20,バクニン,Line 2（旋削）,LT-V201,CNC旋盤 LT-300,AL-1520,Lỗi AL-1520: đài dao không xoay được,Động cơ chia độ quá nhiệt,冷却後に再起動、負荷を確認,15,Lê Thị Hoa,hoa.lt@tmtv.example,完了
MP-2026-004567,2026/06/21 15:10,刈谷,成形ライン,IM-0509,射出成形機 IM-180,,ショートショットが多発,樹脂の乾燥不足,乾燥時間を4時間に延長,170,中村 翔,s.nakamura@tokai-minato.example,完了
MP-2026-004568,2026/06/25 04:45,刈谷,成形ライン,IM-0507,射出成形機 IM-180,,ショートショットが多発,樹脂の乾燥不足,乾燥時間を4時間に延長,24,加藤 美咲,m.kato@tokai-minato.example,完了
MP-2026-004569,2026/06/25 09:05,バクニン,Line 2（旋削）,LT-V205,CNC旋盤 LT-300,AL-1520,刃物台旋回不良（AL-1520）,,冷却後に再起動、負荷を確認,17,Đỗ Thanh Long,long.dt@tmtv.example,完了
MP-2026-004570,2026/06/26 12:30,刈谷,プレスライン,HP-0103,油圧プレス HP-200,,スライド下降時に異音,ガイド部の給油不足,,,吉田 剛,t.yoshida@tokai-minato.example,保留
MP-2026-004571,2026/06/26 18:05,刈谷,成形ライン,IM-0507,射出成形機 IM-180,,ショートショットが多発,樹脂の乾燥不足,乾燥時間を4時間に延長,67,山田 太郎,t.yamada@tokai-minato.example,完了
MP-2026-004572,2026/06/26 20:10,バクニン,Line 1（加工）,MC-V112,横形マシニングセンタ MC-850H,AL-5003,X軸サーボ過負荷で停止,ジャバラ内部への切粉噛み込み,"Vệ sinh bên trong jabara, tra dầu bề mặt trượt",,Hoàng Văn Nam,nam.hv@tmtv.example,対応中
MP-2026-004573,2026/06/27 06:00,刈谷,成形ライン,IM-0510,射出成形機 IM-180,,金型温度が安定しない,温調機のヒータ断線,ヒータ交換,104,吉田 剛,t.yoshida@tokai-minato.example,完了
MP-2026-004574,2026/06/27 09:50,刈谷,プレスライン,HP-0101,油圧プレス HP-200,,加圧力が設定値まで上がらない,作動油の劣化,OK,192,渡辺 拓也,t.watanabe@tokai-minato.example,完了
MP-2026-004575,2026/06/27 10:15,豊橋,加工2ライン,LT-0324,CNC旋盤 LT-300,,チャックの把握力不足でワークが滑る,油圧ユニットの圧力低下,油圧を2.5MPaに再調整,86,小林 浩二,k.kobayashi@tokai-minato.example,完了
MP-2026-004576,2026/06/27 13:30,バクニン,Line 1（加工）,MC-V111,横形マシニングセンタ MC-850H,AL-2101,Máy dừng do lỗi AL-2101 áp suất dầu bôi trơn thấp,潤滑油不足,,15,Lê Thị Hoa,hoa.lt@tmtv.example,保留
MP-2026-004577,2026/06/28 03:30,バクニン,Line 1（加工）,MC-V103,横形マシニングセンタ MC-850H,,"Kích thước gia công không ổn định (vị trí lỗ vượt ±0,02 mm)",,Theo dõi thêm,13,Phạm Quốc Tuấn,tuan.pq@tmtv.example,完了
MP-2026-004578,2026/06/28 18:50,豊橋,加工1ライン,MC-0224,横形マシニングセンタ MC-850H,AL-3012,ATC工具交換中に停止（AL-3012 タイムアウト）,,センサ清掃、ATC原点復帰を実施,14,田中 誠,m.tanaka@tokai-minato.example,完了
MP-2026-004579,2026/06/28 19:10,豊橋,加工1ライン,MC-0229,横形マシニングセンタ MC-850H,AL-2047,主軸回転中に異音（キーン音）が発生。加工面にびびりマークあり,主軸ベアリング損傷（振動 3.4mm/s）,使用中止。メーカーにベアリング交換を依頼,190,吉田 剛,t.yoshida@tokai-minato.example,完了
MP-2026-004580,2026/06/29 01:40,豊橋,加工1ライン,MC-0209,横形マシニングセンタ MC-850H,AL-2101,潤滑油圧低下アラーム（AL-2101）で停止,潤滑油フィルタの目詰まり,フィルタ清掃・交換、油圧正常を確認,27,小林 浩二,k.kobayashi@tokai-minato.example,完了
MP-2026-004581,2026/06/29 21:10,バクニン,Line 1（加工）,MC-V114,横形マシニングセンタ MC-850H,AL-3012,Lỗi AL-3012: ATC thay dao bị timeout,エア圧低下（0.42MPa）,工場エア配管のドレン排出、エア圧0.55MPaに回復,10,Đỗ Thanh Long,long.dt@tmtv.example,完了
MP-2026-004582,2026/06/30 11:30,刈谷,成形ライン,IM-0510,射出成形機 IM-180,,金型温度が安定しない,,ヒータ交換,65,田中 誠,m.tanaka@tokai-minato.example,完了
MP-2026-004583,2026/06/30 19:50,刈谷,プレスライン,HP-0108,油圧プレス HP-200,,加圧力が設定値まで上がらない,リリーフ弁の不良,リリーフ弁交換,324,伊藤 大輔,d.ito@tokai-minato.example,完了
MP-2026-004584,2026/07/01 05:45,豊橋,加工2ライン,LT-0311,CNC旋盤 LT-300,,チャックの把握力不足でワークが滑る,チャック爪の摩耗,爪交換,29,鈴木 一郎,i.suzuki@tokai-minato.example,完了
MP-2026-004585,2026/07/01 18:40,豊橋,加工1ライン,MC-0213,横形マシニングセンタ MC-850H,AL-3012,ATC工具交換中に停止（AL-3012 タイムアウト）,近接センサへの切粉付着,センサ清掃、ATC原点復帰を実施,11,小林 浩二,k.kobayashi@tokai-minato.example,完了
MP-2026-004586,2026/07/02 12:10,バクニン,Line 1（加工）,MC-V117,横形マシニングセンタ MC-850H,al-3012,Lỗi AL-3012: ATC thay dao bị timeout,"Áp suất khí nén thấp (0,42 MPa)",工場エア配管のドレン排出、エア圧0.55MPaに回復,10,Phạm Quốc Tuấn,tuan.pq@tmtv.example,完了
MP-2026-004587,2026/07/03 06:05,刈谷,プレスライン,HP-0101,油圧プレス HP-200,,スライド下降時に異音,,給油、ギブ調整,96,山田 太郎,t.yamada@tokai-minato.example,完了
MP-2026-004588,2026/07/05 09:05,バクニン,Line 1（加工）,MC-V118,横形マシニングセンタ MC-850H,AL-5003,"Quá tải servo trục X, máy dừng",,ジャバラ内部清掃、摺動面に給油,89,Trần Minh Đức,duc.tm@tmtv.example,完了
MP-2026-004589,2026/07/07 01:20,豊橋,加工1ライン,MC-0206,横形マシニングセンタ MC-850H,al-3012,ATC工具交換中に停止（AL-3012 タイムアウト）,エア圧低下（0.42MPa）,工場エア配管のドレン排出、エア圧0.55MPaに回復,10,小林 浩二,k.kobayashi@tokai-minato.example,完了
MP-2026-004590,2026/07/07 08:10,バクニン,Line 1（加工）,MC-V116,横形マシニングセンタ MC-850H,,"Kích thước gia công không ổn định (vị trí lỗ vượt ±0,02 mm)",主軸の熱変位,Chuẩn hóa chạy ấm máy 15 phút,14,Đỗ Thanh Long,long.dt@tmtv.example,完了
MP-2026-004591,2026/07/09 06:00,刈谷,成形ライン,IM-0504,射出成形機 IM-180,,ショートショットが多発,ノズル詰まり,ノズル清掃,124,加藤 美咲,m.kato@tokai-minato.example,完了
MP-2026-004592,2026/07/09 14:05,刈谷,成形ライン,IM-0502,射出成形機 IM-180,,金型温度が安定しない,温調機のヒータ断線,ヒータ交換,43,渡辺 拓也,t.watanabe@tokai-minato.example,完了
MP-2026-004593,2026/07/09 21:30,バクニン,Line 3（搬送）,CV-V301,搬送コンベア CV-20,,"Băng tải dừng đột ngột, cảm biến không nhận được phôi",Cảm biến quang bị lệch vị trí,Chỉnh lại vị trí cảm biến,33,Nguyễn Văn Hùng,hung.nv@tmtv.example,完了
MP-2026-004594,2026/07/09 22:40,バクニン,Line 1（加工）,MC-V106,横形マシニングセンタ MC-850H,AL-3012,Lỗi AL-3012: ATC thay dao bị timeout,"Áp suất khí nén thấp (0,42 MPa)","Xả nước đường ống khí, áp suất phục hồi 0,55 MPa",57,Lê Thị Hoa,hoa.lt@tmtv.example,完了
MP-2026-004595,2026/07/10 01:20,バクニン,Line 3（搬送）,CV-V306,搬送コンベア CV-20,,"Băng tải kêu to, rung mạnh ở đoạn cuối",ベアリング劣化,Thay ổ bi,99,Nguyễn Văn Hùng,hung.nv@tmtv.example,完了
MP-2026-004596,2026/07/11 11:10,豊橋,加工2ライン,LT-0310,CNC旋盤 LT-300,AL-1520,刃物台旋回不良（AL-1520）,インデックスモータ過熱,OK,80,渡辺 拓也,t.watanabe@tokai-minato.example,完了
MP-2026-004597,2026/07/12 03:20,豊橋,加工1ライン,MC-0224,横形マシニングセンタ MC-850H,,加工寸法がばらつく（穴位置 ±0.02mm 超え）,,様子見,19,田中 誠,m.tanaka@tokai-minato.example,完了
MP-2026-004598,2026/07/13 07:30,刈谷,成形ライン,IM-0503,射出成形機 IM-180,,金型温度が安定しない,,ヒータ交換,47,高橋 健,k.takahashi@tokai-minato.example,対応中
MP-2026-004599,2026/07/13 23:00,刈谷,プレスライン,HP-0106,油圧プレス HP-200,,スライド下降時に異音,ガイド部の給油不足,給油、ギブ調整,91,田中 誠,m.tanaka@tokai-minato.example,完了
MP-2026-004600,2026/07/15 22:05,刈谷,プレスライン,HP-0111,油圧プレス HP-200,,加圧力が設定値まで上がらない,作動油の劣化,作動油交換（200L）,159,山田 太郎,t.yamada@tokai-minato.example,完了
MP-2026-004601,2026/07/15 23:05,豊橋,加工1ライン,MC-0228,横形マシニングセンタ MC-850H,AL2101,潤滑油圧低下アラーム（AL-2101）で停止,潤滑油フィルタの目詰まり,フィルタ清掃・交換、油圧正常を確認,69,加藤 美咲,m.kato@tokai-minato.example,完了
MP-2026-004602,2026/07/16 15:20,豊橋,加工1ライン,MC-0218,横形マシニングセンタ MC-850H,AL-4050,クーラント液面低下で停止,蒸発・切粉による持ち出し,クーラント補充、濃度6%に調整,7,渡辺 拓也,t.watanabe@tokai-minato.example,完了
MP-2026-004603,2026/07/16 19:40,刈谷,プレスライン,HP-0112,油圧プレス HP-200,,スライド下降時に異音,,給油、ギブ調整,59,渡辺 拓也,t.watanabe@tokai-minato.example,完了
MP-2026-004604,2026/07/17 00:05,豊橋,加工1ライン,MC-0216,横形マシニングセンタ MC-850H,AL-3012,ATC工具交換中に停止（AL-3012 タイムアウト）,エア圧低下（0.42MPa）,工場エア配管のドレン排出、エア圧0.55MPaに回復,10,鈴木 一郎,i.suzuki@tokai-minato.example,完了
MP-2026-004605,2026/07/17 11:00,豊橋,加工1ライン,MC-0208,横形マシニングセンタ MC-850H,AL-2310,主軸温度異常アラーム,冷却ユニットの冷却油不足,冷却油補充、冷却ユニット再起動,82,渡辺 拓也,t.watanabe@tokai-minato.example,完了
MP-2026-004606,2026/07/17 19:00,刈谷,プレスライン,HP-0109,油圧プレス HP-200,,加圧力が設定値まで上がらない,リリーフ弁の不良,リリーフ弁交換,274,田中 誠,m.tanaka@tokai-minato.example,完了
MP-2026-004607,2026/07/18 04:15,刈谷,成形ライン,IM-0506,射出成形機 IM-180,,金型温度が安定しない,温調機のヒータ断線,ヒータ交換,267,加藤 美咲,m.kato@tokai-minato.example,完了
MP-2026-004608,2026/07/19 11:05,バクニン,Line 2（旋削）,LT-V207,CNC旋盤 LT-300,,"Mâm cặp kẹp không chặt, phôi bị trượt",Chấu kẹp bị mòn,Thay chấu kẹp,31,Đỗ Thanh Long,long.dt@tmtv.example,完了
MP-2026-004609,2026/07/19 17:20,豊橋,加工2ライン,LT-0324,CNC旋盤 LT-300,AL-1520,刃物台旋回不良（AL-1520）,インデックスモータ過熱,冷却後に再起動、負荷を確認,31,吉田 剛,t.yoshida@tokai-minato.example,完了
MP-2026-004610,2026/07/19 18:20,バクニン,Line 2（旋削）,LT-V206,CNC旋盤 LT-300,AL1520,Lỗi AL-1520: đài dao không xoay được,Động cơ chia độ quá nhiệt,"Để nguội rồi khởi động lại, kiểm tra tải",40,Nguyễn Văn Hùng,hung.nv@tmtv.example,完了
MP-2026-004611,2026/07/20 02:05,バクニン,Line 3（搬送）,CV-V304,搬送コンベア CV-20,,"Băng tải kêu to, rung mạnh ở đoạn cuối",Ổ bi bị mòn,Thay ổ bi,54,Trần Minh Đức,duc.tm@tmtv.example,完了
MP-2026-004612,2026/07/21 05:15,バクニン,Line 2（旋削）,LT-V210,CNC旋盤 LT-300,,"Mâm cặp kẹp không chặt, phôi bị trượt",Áp suất bộ thủy lực giảm,"Chỉnh lại áp suất thủy lực 2,5 MPa",147,Phạm Quốc Tuấn,tuan.pq@tmtv.example,完了
MP-2026-004613,2026/07/24 01:50,豊橋,加工1ライン,MC-0221,横形マシニングセンタ MC-850H,AL-5003,X軸サーボ過負荷で停止,ジャバラ内部への切粉噛み込み,ジャバラ内部清掃、摺動面に給油,58,渡辺 拓也,t.watanabe@tokai-minato.example,完了
MP-2026-004614,2026/07/24 04:30,バクニン,Line 1（加工）,MC-V103,横形マシニングセンタ MC-850H,AL-2047,"Trục chính phát ra tiếng rít khi quay, bề mặt gia công có vết rung (chatter)",Dao bị mòn làm tăng lực cắt,工具交換、切削条件（送り）を10%下げて様子見,230,Đỗ Thanh Long,long.dt@tmtv.example,完了
MP-2026-004615,2026/07/25 10:50,豊橋,加工1ライン,MC-0208,横形マシニングセンタ MC-850H,AL-2047,主軸回転中に異音（キーン音）が発生。加工面にびびりマークあり,工具摩耗による切削抵抗増加,工具交換、切削条件（送り）を10%下げて様子見,86,鈴木 一郎,i.suzuki@tokai-minato.example,完了
MP-2026-004616,2026/07/25 13:05,豊橋,加工2ライン,LT-0321,CNC旋盤 LT-300,al-1520,刃物台旋回不良（AL-1520）,,冷却後に再起動、負荷を確認,29,鈴木 一郎,i.suzuki@tokai-minato.example,完了
MP-2026-004617,2026/07/27 16:20,バクニン,Line 3（搬送）,CV-V306,搬送コンベア CV-20,,"Băng tải dừng đột ngột, cảm biến không nhận được phôi",,Đã xử lý,5,Đỗ Thanh Long,long.dt@tmtv.example,完了
MP-2026-004618,2026/07/28 02:30,バクニン,Line 2（旋削）,LT-V201,CNC旋盤 LT-300,,チャックの把握力不足でワークが滑る,,油圧を2.5MPaに再調整,20,Lê Thị Hoa,hoa.lt@tmtv.example,完了
MP-2026-004619,2026/07/28 22:00,バクニン,Line 1（加工）,MC-V118,横形マシニングセンタ MC-850H,AL-2047,"Trục chính phát ra tiếng rít khi quay, bề mặt gia công có vết rung (chatter)",工具摩耗による切削抵抗増加,"Thay dao, giảm lượng chạy dao 10% và theo dõi",257,Trần Minh Đức,duc.tm@tmtv.example,完了
MP-2026-004620,2026/07/29 19:20,豊橋,加工2ライン,LT-0324,CNC旋盤 LT-300,AL-1520,刃物台旋回不良（AL-1520）,,,,吉田 剛,t.yoshida@tokai-minato.example,対応中
MP-2026-004621,2026/07/29 20:50,豊橋,加工1ライン,MC-0212,横形マシニングセンタ MC-850H,AL-3012,ATC工具交換中に停止（AL-3012 タイムアウト）,近接センサへの切粉付着,センサ清掃、ATC原点復帰を実施,24,高橋 健,k.takahashi@tokai-minato.example,対応中
MP-2026-004622,2026/07/30 07:40,刈谷,プレスライン,HP-0112,油圧プレス HP-200,,スライド下降時に異音,ガイド部の給油不足,給油、ギブ調整,30,山田 太郎,t.yamada@tokai-minato.example,完了
MP-2026-004623,2026/07/31 14:30,豊橋,加工2ライン,LT-0319,CNC旋盤 LT-300,,チャックの把握力不足でワークが滑る,油圧ユニットの圧力低下,油圧を2.5MPaに再調整,20,小林 浩二,k.kobayashi@tokai-minato.example,完了
MP-2026-004624,2026/07/31 16:40,豊橋,加工2ライン,LT-0324,CNC旋盤 LT-300,,チャックの把握力不足でワークが滑る,チャック爪の摩耗,爪交換,74,鈴木 一郎,i.suzuki@tokai-minato.example,完了
MP-2026-004625,2026/08/01 03:30,豊橋,加工2ライン,LT-0325,CNC旋盤 LT-300,,チャックの把握力不足でワークが滑る,油圧ユニットの圧力低下,油圧を2.5MPaに再調整,22,田中 誠,m.tanaka@tokai-minato.example,完了
MP-2026-004626,2026/08/02 01:10,バクニン,Line 2（旋削）,LT-V201,CNC旋盤 LT-300,,"Mâm cặp kẹp không chặt, phôi bị trượt",Chấu kẹp bị mòn,,,Đỗ Thanh Long,long.dt@tmtv.example,対応中
MP-2026-004627,2026/08/03 11:50,豊橋,加工1ライン,MC-0210,横形マシニングセンタ MC-850H,AL 4050,クーラント液面低下で停止,蒸発・切粉による持ち出し,OK,5,中村 翔,s.nakamura@tokai-minato.example,完了
MP-2026-004628,2026/08/03 17:15,刈谷,成形ライン,IM-0513,射出成形機 IM-180,,金型温度が安定しない,温調機のヒータ断線,ヒータ交換,81,中村 翔,s.nakamura@tokai-minato.example,完了
MP-2026-004629,2026/08/03 23:00,刈谷,成形ライン,IM-0507,射出成形機 IM-180,,ショートショットが多発,樹脂の乾燥不足,乾燥時間を4時間に延長,161,田中 誠,m.tanaka@tokai-minato.example,完了
MP-2026-004630,2026/08/05 06:50,豊橋,加工2ライン,LT-0320,CNC旋盤 LT-300,,チャックの把握力不足でワークが滑る,油圧ユニットの圧力低下,油圧を2.5MPaに再調整,23,中村 翔,s.nakamura@tokai-minato.example,完了
MP-2026-004631,2026/08/06 02:05,豊橋,加工2ライン,LT-0314,CNC旋盤 LT-300,,チャックの把握力不足でワークが滑る,チャック爪の摩耗,爪交換,33,伊藤 大輔,d.ito@tokai-minato.example,完了
MP-2026-004632,2026/08/06 12:50,バクニン,Line 2（旋削）,LT-V212,CNC旋盤 LT-300,AL-1520,Lỗi AL-1520: đài dao không xoay được,,冷却後に再起動、負荷を確認,77,Hoàng Văn Nam,nam.hv@tmtv.example,完了
MP-2026-004633,2026/08/07 05:40,豊橋,加工2ライン,LT-0307,CNC旋盤 LT-300,AL-1520,刃物台旋回不良（AL-1520）,インデックスモータ過熱,冷却後に再起動、負荷を確認,44,渡辺 拓也,t.watanabe@tokai-minato.example,完了
MP-2026-004634,2026/08/08 01:20,バクニン,Line 1（加工）,MC-V106,横形マシニングセンタ MC-850H,al-2047,主軸回転中に異音（キーン音）が発生。加工面にびびりマークあり,工具摩耗による切削抵抗増加,工具交換、切削条件（送り）を10%下げて様子見,110,Lê Thị Hoa,hoa.lt@tmtv.example,完了
MP-2026-004635,2026/08/09 12:40,豊橋,加工1ライン,MC-0214,横形マシニングセンタ MC-850H,,加工寸法がばらつく（穴位置 ±0.02mm 超え）,,様子見,10,吉田 剛,t.yoshida@tokai-minato.example,完了
MP-2026-004636,2026/08/09 15:45,豊橋,加工2ライン,LT-0322,CNC旋盤 LT-300,,チャックの把握力不足でワークが滑る,油圧ユニットの圧力低下,油圧を2.5MPaに再調整,20,吉田 剛,t.yoshida@tokai-minato.example,完了
MP-2026-004637,2026/08/10 00:30,刈谷,プレスライン,HP-0106,油圧プレス HP-200,,加圧力が設定値まで上がらない,作動油の劣化,作動油交換（200L）,245,伊藤 大輔,d.ito@tokai-minato.example,完了
MP-2026-004638,2026/08/10 05:20,刈谷,プレスライン,HP-0112,油圧プレス HP-200,,加圧力が設定値まで上がらない,リリーフ弁の不良,リリーフ弁交換,344,鈴木 一郎,i.suzuki@tokai-minato.example,完了
MP-2026-004639,2026/08/11 18:10,豊橋,加工2ライン,LT-0318,CNC旋盤 LT-300,,チャックの把握力不足でワークが滑る,チャック爪の摩耗,爪交換,58,吉田 剛,t.yoshida@tokai-minato.example,完了
MP-2026-004640,2026/08/12 00:00,バクニン,Line 1（加工）,MC-V113,横形マシニングセンタ MC-850H,AL-4050,Máy dừng do mức nước làm mát (coolant) thấp,Bay hơi và bị phoi mang ra ngoài,"Bổ sung coolant, chỉnh nồng độ 6%",13,Nguyễn Văn Hùng,hung.nv@tmtv.example,完了
MP-2026-004641,2026/08/12 11:45,刈谷,成形ライン,IM-0502,射出成形機 IM-180,,金型温度が安定しない,温調機のヒータ断線,ヒータ交換,239,加藤 美咲,m.kato@tokai-minato.example,完了
MP-2026-004642,2026/08/12 17:30,バクニン,Line 1（加工）,MC-V105,横形マシニングセンタ MC-850H,AL-5003,"Quá tải servo trục X, máy dừng",Phoi kẹt bên trong tấm che (jabara),"Vệ sinh bên trong jabara, tra dầu bề mặt trượt",30,Lê Thị Hoa,hoa.lt@tmtv.example,完了
MP-2026-004643,2026/08/12 23:20,豊橋,加工1ライン,MC-0202,横形マシニングセンタ MC-850H,AL-3012,ATC工具交換中に停止（AL-3012 タイムアウト）,,工場エア配管のドレン排出、エア圧0.55MPaに回復,12,高橋 健,k.takahashi@tokai-minato.example,完了
MP-2026-004644,2026/08/13 01:00,豊橋,加工2ライン,LT-0303,CNC旋盤 LT-300,al-1520,刃物台旋回不良（AL-1520）,インデックスモータ過熱,冷却後に再起動、負荷を確認,28,小林 浩二,k.kobayashi@tokai-minato.example,完了
MP-2026-004645,2026/08/13 21:20,バクニン,Line 1（加工）,MC-V107,横形マシニングセンタ MC-850H,AL-5003,"Quá tải servo trục X, máy dừng",Phoi kẹt bên trong tấm che (jabara),ジャバラ内部清掃、摺動面に給油,148,Phạm Quốc Tuấn,tuan.pq@tmtv.example,完了
MP-2026-004646,2026/08/14 00:30,豊橋,加工2ライン,LT-0314,CNC旋盤 LT-300,,チャックの把握力不足でワークが滑る,油圧ユニットの圧力低下,油圧を2.5MPaに再調整,38,渡辺 拓也,t.watanabe@tokai-minato.example,完了
MP-2026-004647,2026/08/14 12:15,豊橋,加工2ライン,LT-0303,CNC旋盤 LT-300,AL-1520,刃物台旋回不良（AL-1520）,インデックスモータ過熱,冷却後に再起動、負荷を確認,61,鈴木 一郎,i.suzuki@tokai-minato.example,完了
MP-2026-004648,2026/08/15 20:10,豊橋,加工2ライン,LT-0311,CNC旋盤 LT-300,AL-1520,刃物台旋回不良（AL-1520）,インデックスモータ過熱,冷却後に再起動、負荷を確認,25,中村 翔,s.nakamura@tokai-minato.example,完了
MP-2026-004649,2026/08/15 23:50,豊橋,加工2ライン,LT-0310,CNC旋盤 LT-300,AL-1520,刃物台旋回不良（AL-1520）,インデックスモータ過熱,冷却後に再起動、負荷を確認,16,小林 浩二,k.kobayashi@tokai-minato.example,完了
MP-2026-004650,2026/08/18 21:00,バクニン,Line 1（加工）,MC-V118,横形マシニングセンタ MC-850H,AL-4050,Máy dừng do mức nước làm mát (coolant) thấp,,"Bổ sung coolant, chỉnh nồng độ 6%",5,Nguyễn Văn Hùng,hung.nv@tmtv.example,完了
MP-2026-004651,2026/08/20 04:40,豊橋,加工2ライン,LT-0313,CNC旋盤 LT-300,AL-1520,刃物台旋回不良（AL-1520）,インデックスモータ過熱,冷却後に再起動、負荷を確認,21,渡辺 拓也,t.watanabe@tokai-minato.example,完了
MP-2026-004652,2026/08/20 14:00,豊橋,加工1ライン,MC-0221,横形マシニングセンタ MC-850H,AL-2310,主軸温度異常アラーム,冷却ユニットの冷却油不足,OK,82,吉田 剛,t.yoshida@tokai-minato.example,完了
MP-2026-004653,2026/08/21 08:05,バクニン,Line 1（加工）,MC-V105,横形マシニングセンタ MC-850H,AL-2101,Máy dừng do lỗi AL-2101 áp suất dầu bôi trơn thấp,,"Vệ sinh, thay lọc dầu; xác nhận áp suất bình thường",81,Hoàng Văn Nam,nam.hv@tmtv.example,完了
MP-2026-004654,2026/08/21 13:05,刈谷,成形ライン,IM-0505,射出成形機 IM-180,,ショートショットが多発,樹脂の乾燥不足,,53,鈴木 一郎,i.suzuki@tokai-minato.example,保留
MP-2026-004655,2026/08/21 21:30,豊橋,加工1ライン,MC-0201,横形マシニングセンタ MC-850H,al-2101,潤滑油圧低下アラーム（AL-2101）で停止,潤滑油フィルタの目詰まり,フィルタ清掃・交換、油圧正常を確認,22,小林 浩二,k.kobayashi@tokai-minato.example,完了
MP-2026-004656,2026/08/23 00:10,刈谷,プレスライン,HP-0112,油圧プレス HP-200,,スライド下降時に異音,ガイド部の給油不足,給油、ギブ調整,98,山田 太郎,t.yamada@tokai-minato.example,完了
MP-2026-004657,2026/08/24 08:10,刈谷,成形ライン,IM-0512,射出成形機 IM-180,,ショートショットが多発,樹脂の乾燥不足,乾燥時間を4時間に延長,,小林 浩二,k.kobayashi@tokai-minato.example,対応中
MP-2026-004658,2026/08/25 19:50,バクニン,Line 3（搬送）,CV-V305,搬送コンベア CV-20,,"Băng tải dừng đột ngột, cảm biến không nhận được phôi",,Chỉnh lại vị trí cảm biến,6,Hoàng Văn Nam,nam.hv@tmtv.example,完了
MP-2026-004659,2026/08/26 21:00,刈谷,プレスライン,HP-0105,油圧プレス HP-200,,スライド下降時に異音,ガイド部の給油不足,給油、ギブ調整,57,吉田 剛,t.yoshida@tokai-minato.example,完了
MP-2026-004660,2026/08/27 14:30,バクニン,Line 2（旋削）,LT-V205,CNC旋盤 LT-300,,"Mâm cặp kẹp không chặt, phôi bị trượt",Chấu kẹp bị mòn,,44,Phạm Quốc Tuấn,tuan.pq@tmtv.example,保留
MP-2026-004661,2026/08/29 04:50,バクニン,Line 2（旋削）,LT-V212,CNC旋盤 LT-300,,"Mâm cặp kẹp không chặt, phôi bị trượt",Chấu kẹp bị mòn,Thay chấu kẹp,140,Phạm Quốc Tuấn,tuan.pq@tmtv.example,完了
MP-2026-004662,2026/08/29 09:45,豊橋,加工1ライン,MC-0217,横形マシニングセンタ MC-850H,AL-3012,ATC工具交換中に停止（AL-3012 タイムアウト）,近接センサへの切粉付着,センサ清掃、ATC原点復帰を実施,51,吉田 剛,t.yoshida@tokai-minato.example,完了
MP-2026-004663,2026/08/29 16:45,豊橋,加工1ライン,MC-0220,横形マシニングセンタ MC-850H,AL3012,ATC工具交換中に停止（AL-3012 タイムアウト）,,工場エア配管のドレン排出、エア圧0.55MPaに回復,39,加藤 美咲,m.kato@tokai-minato.example,完了
MP-2026-004664,2026/08/30 19:50,バクニン,Line 3（搬送）,CV-V304,搬送コンベア CV-20,,"Băng tải kêu to, rung mạnh ở đoạn cuối",ベアリング劣化,Thay ổ bi,174,Nguyễn Văn Hùng,hung.nv@tmtv.example,完了
MP-2026-004665,2026/08/31 06:10,バクニン,Line 1（加工）,MC-V112,横形マシニングセンタ MC-850H,AL-3012,Lỗi AL-3012: ATC thay dao bị timeout,Phoi bám vào cảm biến tiệm cận,"Vệ sinh cảm biến, thực hiện về gốc ATC",17,Phạm Quốc Tuấn,tuan.pq@tmtv.example,完了
MP-2026-004666,2026/08/31 10:40,刈谷,プレスライン,HP-0110,油圧プレス HP-200,,加圧力が設定値まで上がらない,リリーフ弁の不良,リリーフ弁交換,60,加藤 美咲,m.kato@tokai-minato.example,完了
MP-2026-004667,2026/09/03 02:00,豊橋,加工1ライン,MC-0237,横形マシニングセンタ MC-850H,AL3012,ATC工具交換中に停止（AL-3012 タイムアウト）,エア圧低下（0.42MPa）,済,13,中村 翔,s.nakamura@tokai-minato.example,完了
MP-2026-004668,2026/09/03 05:45,バクニン,Line 3（搬送）,CV-V306,搬送コンベア CV-20,,"Băng tải kêu to, rung mạnh ở đoạn cuối",,Thay ổ bi,107,Lê Thị Hoa,hoa.lt@tmtv.example,完了
MP-2026-004669,2026/09/03 09:50,刈谷,成形ライン,IM-0509,射出成形機 IM-180,,金型温度が安定しない,温調機のヒータ断線,ヒータ交換,49,山田 太郎,t.yamada@tokai-minato.example,完了
MP-2026-004670,2026/09/03 16:15,刈谷,成形ライン,IM-0502,射出成形機 IM-180,,ショートショットが多発,ノズル詰まり,ノズル清掃,196,伊藤 大輔,d.ito@tokai-minato.example,完了
MP-2026-004671,2026/09/06 04:30,バクニン,Line 3（搬送）,CV-V306,搬送コンベア CV-20,,"Băng tải kêu to, rung mạnh ở đoạn cuối",Ổ bi bị mòn,,35,Nguyễn Văn Hùng,hung.nv@tmtv.example,対応中
MP-2026-004672,2026/09/06 11:15,豊橋,加工1ライン,MC-0233,横形マシニングセンタ MC-850H,AL-2310,主軸温度異常アラーム,冷却ユニットの冷却油不足,,21,高橋 健,k.takahashi@tokai-minato.example,対応中
MP-2026-004673,2026/09/06 21:45,豊橋,加工1ライン,MC-0217,横形マシニングセンタ MC-850H,AL-2101,潤滑油圧低下アラーム（AL-2101）で停止,,フィルタ清掃・交換、油圧正常を確認,50,田中 誠,m.tanaka@tokai-minato.example,完了
MP-2026-004674,2026/09/07 20:45,刈谷,プレスライン,HP-0101,油圧プレス HP-200,,スライド下降時に異音,ガイド部の給油不足,給油、ギブ調整,98,加藤 美咲,m.kato@tokai-minato.example,完了
MP-2026-004675,2026/09/10 06:10,バクニン,Line 1（加工）,MC-V118,横形マシニングセンタ MC-850H,AL-3012,Lỗi AL-3012: ATC thay dao bị timeout,"Áp suất khí nén thấp (0,42 MPa)",OK,46,Phạm Quốc Tuấn,tuan.pq@tmtv.example,完了
MP-2026-004676,2026/09/11 22:15,バクニン,Line 1（加工）,MC-V115,横形マシニングセンタ MC-850H,,加工寸法がばらつく（穴位置 ±0.02mm 超え）,,様子見,20,Trần Minh Đức,duc.tm@tmtv.example,完了
MP-2026-004677,2026/09/12 01:15,刈谷,プレスライン,HP-0110,油圧プレス HP-200,,加圧力が設定値まで上がらない,リリーフ弁の不良,リリーフ弁交換,317,渡辺 拓也,t.watanabe@tokai-minato.example,完了
MP-2026-004678,2026/09/13 06:50,バクニン,Line 3（搬送）,CV-V305,搬送コンベア CV-20,,"Băng tải kêu to, rung mạnh ở đoạn cuối",Ổ bi bị mòn,Thay ổ bi,169,Trần Minh Đức,duc.tm@tmtv.example,完了
MP-2026-004679,2026/09/13 16:30,バクニン,Line 3（搬送）,CV-V305,搬送コンベア CV-20,,"Băng tải dừng đột ngột, cảm biến không nhận được phôi",,,33,Nguyễn Văn Hùng,hung.nv@tmtv.example,完了
MP-2026-004680,2026/09/14 06:50,刈谷,成形ライン,IM-0505,射出成形機 IM-180,,金型温度が安定しない,温調機のヒータ断線,ヒータ交換,158,鈴木 一郎,i.suzuki@tokai-minato.example,完了
MP-2026-004681,2026/09/14 10:45,豊橋,加工2ライン,LT-0301,CNC旋盤 LT-300,AL1520,刃物台旋回不良（AL-1520）,インデックスモータ過熱,冷却後に再起動、負荷を確認,77,高橋 健,k.takahashi@tokai-minato.example,完了
MP-2026-004682,2026/09/14 19:00,刈谷,成形ライン,IM-0505,射出成形機 IM-180,,ショートショットが多発,,OK,29,小林 浩二,k.kobayashi@tokai-minato.example,完了
MP-2026-004683,2026/09/15 20:20,バクニン,Line 3（搬送）,CV-V306,搬送コンベア CV-20,,"Băng tải kêu to, rung mạnh ở đoạn cuối",ベアリング劣化,Thay ổ bi,51,Phạm Quốc Tuấn,tuan.pq@tmtv.example,完了
MP-2026-004684,2026/09/16 02:50,豊橋,加工2ライン,LT-0305,CNC旋盤 LT-300,,チャックの把握力不足でワークが滑る,油圧ユニットの圧力低下,油圧を2.5MPaに再調整,37,渡辺 拓也,t.watanabe@tokai-minato.example,完了
MP-2026-004685,2026/09/17 10:05,バクニン,Line 1（加工）,MC-V111,横形マシニングセンタ MC-850H,AL-5003,X軸サーボ過負荷で停止,ジャバラ内部への切粉噛み込み,対応済,167,Nguyễn Văn Hùng,hung.nv@tmtv.example,完了
MP-2026-004686,2026/09/17 16:50,豊橋,加工1ライン,MC-0212,横形マシニングセンタ MC-850H,AL-2101,潤滑油圧低下アラーム（AL-2101）で停止,,フィルタ清掃・交換、油圧正常を確認,70,山田 太郎,t.yamada@tokai-minato.example,完了
MP-2026-004687,2026/09/18 07:00,バクニン,Line 2（旋削）,LT-V202,CNC旋盤 LT-300,,"Mâm cặp kẹp không chặt, phôi bị trượt",Áp suất bộ thủy lực giảm,対応済,84,Đỗ Thanh Long,long.dt@tmtv.example,完了
MP-2026-004688,2026/09/18 08:20,バクニン,Line 3（搬送）,CV-V303,搬送コンベア CV-20,,"Băng tải dừng đột ngột, cảm biến không nhận được phôi",,済,10,Nguyễn Văn Hùng,hung.nv@tmtv.example,完了
MP-2026-004689,2026/09/19 09:05,刈谷,成形ライン,IM-0507,射出成形機 IM-180,,金型温度が安定しない,温調機のヒータ断線,ヒータ交換,75,吉田 剛,t.yoshida@tokai-minato.example,完了
MP-2026-004690,2026/09/19 21:15,豊橋,加工1ライン,MC-0208,横形マシニングセンタ MC-850H,AL3012,ATC工具交換中に停止（AL-3012 タイムアウト）,エア圧低下（0.42MPa）,工場エア配管のドレン排出、エア圧0.55MPaに回復,15,鈴木 一郎,i.suzuki@tokai-minato.example,完了
MP-2026-004691,2026/09/23 23:05,豊橋,加工1ライン,MC-0232,横形マシニングセンタ MC-850H,al-2047,主軸回転中に異音（キーン音）が発生。加工面にびびりマークあり,主軸ベアリング損傷（振動 3.4mm/s）,使用中止。メーカーにベアリング交換を依頼,30,伊藤 大輔,d.ito@tokai-minato.example,完了
MP-2026-004692,2026/09/23 23:05,豊橋,加工1ライン,MC-0203,横形マシニングセンタ MC-850H,AL-2310,主軸温度異常アラーム,,冷却油補充、冷却ユニット再起動,21,高橋 健,k.takahashi@tokai-minato.example,完了
MP-2026-004693,2026/09/24 02:20,豊橋,加工1ライン,MC-0224,横形マシニングセンタ MC-850H,,加工寸法がばらつく（穴位置 ±0.02mm 超え）,主軸の熱変位,暖機運転15分を標準化,41,山田 太郎,t.yamada@tokai-minato.example,完了
MP-2026-004694,2026/09/24 17:40,豊橋,加工2ライン,LT-0306,CNC旋盤 LT-300,AL-1520,刃物台旋回不良（AL-1520）,インデックスモータ過熱,冷却後に再起動、負荷を確認,44,加藤 美咲,m.kato@tokai-minato.example,完了
MP-2026-004695,2026/09/25 01:40,刈谷,プレスライン,HP-0102,油圧プレス HP-200,,スライド下降時に異音,ガイド部の給油不足,給油、ギブ調整,31,吉田 剛,t.yoshida@tokai-minato.example,完了
MP-2026-004696,2026/09/25 19:50,豊橋,加工1ライン,MC-0205,横形マシニングセンタ MC-850H,AL-5003,X軸サーボ過負荷で停止,ジャバラ内部への切粉噛み込み,ジャバラ内部清掃、摺動面に給油,41,田中 誠,m.tanaka@tokai-minato.example,完了
MP-2026-004697,2026/09/27 11:10,バクニン,Line 2（旋削）,LT-V210,CNC旋盤 LT-300,AL-1520,Lỗi AL-1520: đài dao không xoay được,Động cơ chia độ quá nhiệt,冷却後に再起動、負荷を確認,28,Hoàng Văn Nam,nam.hv@tmtv.example,完了
MP-2026-004698,2026/09/27 16:15,バクニン,Line 1（加工）,MC-V103,横形マシニングセンタ MC-850H,AL-2047,"Trục chính phát ra tiếng rít khi quay, bề mặt gia công có vết rung (chatter)",Dao bị mòn làm tăng lực cắt,"Thay dao, giảm lượng chạy dao 10% và theo dõi",57,Lê Thị Hoa,hoa.lt@tmtv.example,完了
MP-2026-004699,2026/09/29 15:15,バクニン,Line 3（搬送）,CV-V302,搬送コンベア CV-20,,"Băng tải dừng đột ngột, cảm biến không nhận được phôi",,Đã xử lý,10,Phạm Quốc Tuấn,tuan.pq@tmtv.example,完了
MP-2026-004700,2026/09/29 21:10,豊橋,加工2ライン,LT-0325,CNC旋盤 LT-300,AL-1520,刃物台旋回不良（AL-1520）,インデックスモータ過熱,冷却後に再起動、負荷を確認,50,鈴木 一郎,i.suzuki@tokai-minato.example,完了
