ngay_hoi,phong_ban,cau_hoi,email_nguoi_hoi,thoi_gian_cho_gio
2026-03-28,Tín dụng,Câu hỏi số 0,nv0@example.vn,
2026-05-13,Kế toán,Câu hỏi số 1,nv1@example.vn,50
2026-08-25,Nhân sự,Câu hỏi số 2,nv2@example.vn,26
2026-04-13,Kế toán,Câu hỏi số 3,nv3@example.vn,3
2026-07-23,Nhân sự,Câu hỏi số 4,nv4@example.vn,50
2026-01-24,Kế toán,Câu hỏi số 5,nv5@example.vn,48
2026-04-28,Tín dụng,Câu hỏi số 6,nv6@example.vn,59
2026-06-10,Tín dụng,Câu hỏi số 7,nv7@example.vn,3
2026-09-10,Kế toán,Câu hỏi số 8,nv8@example.vn,45
2026-04-23,Nhân sự,Câu hỏi số 9,nv9@example.vn,
2026-01-26,Tín dụng,Câu hỏi số 10,nv10@example.vn,50
2026-08-25,Nhân sự,Câu hỏi số 11,nv11@example.vn,16
2026-06-17,Nhân sự,Câu hỏi số 12,nv12@example.vn,16
2026-08-19,Tín dụng,Câu hỏi số 13,nv13@example.vn,28
2026-09-13,Tín dụng,Câu hỏi số 14,nv14@example.vn,42
2026-05-13,Nhân sự,Câu hỏi số 15,nv15@example.vn,23
2026-09-23,Nhân sự,Câu hỏi số 16,nv16@example.vn,55
2026-04-19,Kế toán,Câu hỏi số 17,nv17@example.vn,39
2026-08-26,Kế toán,Câu hỏi số 18,nv18@example.vn,
2026-01-25,Tín dụng,Câu hỏi số 19,nv19@example.vn,49
2026-07-23,Nhân sự,Câu hỏi số 20,nv20@example.vn,13
2026-06-27,Nhân sự,Câu hỏi số 21,nv21@example.vn,51
2026-06-12,Kế toán,Câu hỏi số 22,nv22@example.vn,44
2026-09-13,Tín dụng,Câu hỏi số 23,nv23@example.vn,35
2026-07-21,Kế toán,Câu hỏi số 24,nv24@example.vn,48
2026-01-25,Tín dụng,Câu hỏi số 25,nv25@example.vn,21
2026-07-15,Tín dụng,Câu hỏi số 26,nv26@example.vn,34
2026-04-10,Tín dụng,Câu hỏi số 27,nv27@example.vn,
2026-09-27,Tín dụng,Câu hỏi số 28,nv28@example.vn,27
2026-09-21,Nhân sự,Câu hỏi số 29,nv29@example.vn,24
2026-08-18,Nhân sự,Câu hỏi số 30,nv30@example.vn,37
2026-01-22,Nhân sự,Câu hỏi số 31,nv31@example.vn,34
2026-03-26,Nhân sự,Câu hỏi số 32,nv32@example.vn,15
2026-07-11,Kế toán,Câu hỏi số 33,nv33@example.vn,57
2026-06-28,Nhân sự,Câu hỏi số 34,nv34@example.vn,14
2026-09-23,Kế toán,Câu hỏi số 35,nv35@example.vn,54
2026-06-23,Kế toán,Câu hỏi số 36,nv36@example.vn,
2026-01-27,Nhân sự,Câu hỏi số 37,nv37@example.vn,41
2026-06-24,Nhân sự,Câu hỏi số 38,nv38@example.vn,3
2026-04-15,Nhân sự,Câu hỏi số 39,nv39@example.vn,39
2026-03-12,Nhân sự,Câu hỏi số 40,nv40@example.vn,53
2026-05-11,Nhân sự,Câu hỏi số 41,nv41@example.vn,6
2026-02-10,Kế toán,Câu hỏi số 42,nv42@example.vn,2
2026-05-17,Kế toán,Câu hỏi số 43,nv43@example.vn,9
2026-03-21,Kế toán,Câu hỏi số 44,nv44@example.vn,6
2026-03-15,Kế toán,Câu hỏi số 45,nv45@example.vn,
2026-09-15,Nhân sự,Câu hỏi số 46,nv46@example.vn,19
2026-05-24,Nhân sự,Câu hỏi số 47,nv47@example.vn,22
2026-08-25,Tín dụng,Câu hỏi số 48,nv48@example.vn,3
2026-05-22,Kế toán,Câu hỏi số 49,nv49@example.vn,28
2026-04-18,Tín dụng,Câu hỏi số 50,nv50@example.vn,18
2026-09-16,Nhân sự,Câu hỏi số 51,nv51@example.vn,29
2026-01-17,Tín dụng,Câu hỏi số 52,nv52@example.vn,27
2026-03-11,Nhân sự,Câu hỏi số 53,nv53@example.vn,12
2026-08-26,Nhân sự,Câu hỏi số 54,nv54@example.vn,
2026-07-27,Tín dụng,Câu hỏi số 55,nv55@example.vn,42
2026-09-24,Tín dụng,Câu hỏi số 56,nv56@example.vn,35
2026-01-22,Nhân sự,Câu hỏi số 57,nv57@example.vn,38
2026-06-23,Tín dụng,Câu hỏi số 58,nv58@example.vn,49
2026-05-14,Tín dụng,Câu hỏi số 59,nv59@example.vn,58
2026-01-19,Tín dụng,Câu hỏi số 60,nv60@example.vn,56
2026-02-19,Kế toán,Câu hỏi số 61,nv61@example.vn,49
2026-03-23,Nhân sự,Câu hỏi số 62,nv62@example.vn,18
2026-03-10,Nhân sự,Câu hỏi số 63,nv63@example.vn,
2026-01-28,Tín dụng,Câu hỏi số 64,nv64@example.vn,59
2026-08-15,Nhân sự,Câu hỏi số 65,nv65@example.vn,41
2026-09-11,Kế toán,Câu hỏi số 66,nv66@example.vn,14
2026-06-13,Tín dụng,Câu hỏi số 67,nv67@example.vn,38
2026-07-28,Tín dụng,Câu hỏi số 68,nv68@example.vn,33
2026-02-22,Kế toán,Câu hỏi số 69,nv69@example.vn,34
2026-08-10,Kế toán,Câu hỏi số 70,nv70@example.vn,41
2026-07-19,Tín dụng,Câu hỏi số 71,nv71@example.vn,12
2026-04-20,Nhân sự,Câu hỏi số 72,nv72@example.vn,
2026-03-20,Kế toán,Câu hỏi số 73,nv73@example.vn,15
2026-05-13,Kế toán,Câu hỏi số 74,nv74@example.vn,37
2026-06-27,Kế toán,Câu hỏi số 75,nv75@example.vn,51
2026-09-17,Tín dụng,Câu hỏi số 76,nv76@example.vn,48
2026-01-12,Tín dụng,Câu hỏi số 77,nv77@example.vn,12
2026-03-27,Tín dụng,Câu hỏi số 78,nv78@example.vn,19
2026-06-26,Kế toán,Câu hỏi số 79,nv79@example.vn,25
2026-06-20,Tín dụng,Câu hỏi số 80,nv80@example.vn,20
2026-04-25,Tín dụng,Câu hỏi số 81,nv81@example.vn,
2026-09-13,Kế toán,Câu hỏi số 82,nv82@example.vn,4
2026-07-12,Kế toán,Câu hỏi số 83,nv83@example.vn,57
2026-03-14,Kế toán,Câu hỏi số 84,nv84@example.vn,9
2026-07-12,Nhân sự,Câu hỏi số 85,nv85@example.vn,37
2026-04-28,Tín dụng,Câu hỏi số 86,nv86@example.vn,19
2026-06-19,Nhân sự,Câu hỏi số 87,nv87@example.vn,36
2026-02-24,Kế toán,Câu hỏi số 88,nv88@example.vn,8
2026-01-19,Tín dụng,Câu hỏi số 89,nv89@example.vn,41
2026-01-12,Kế toán,Câu hỏi số 90,nv90@example.vn,
2026-02-11,Tín dụng,Câu hỏi số 91,nv91@example.vn,17
2026-07-15,Tín dụng,Câu hỏi số 92,nv92@example.vn,30
2026-03-17,Tín dụng,Câu hỏi số 93,nv93@example.vn,49
2026-02-23,Kế toán,Câu hỏi số 94,nv94@example.vn,53
2026-09-19,Nhân sự,Câu hỏi số 95,nv95@example.vn,18
2026-08-20,Tín dụng,Câu hỏi số 96,nv96@example.vn,15
2026-06-11,Tín dụng,Câu hỏi số 97,nv97@example.vn,2
2026-05-20,Kế toán,Câu hỏi số 98,nv98@example.vn,27
2026-06-22,Tín dụng,Câu hỏi số 99,nv99@example.vn,
2026-02-20,Nhân sự,Câu hỏi số 100,nv100@example.vn,31
2026-02-18,Tín dụng,Câu hỏi số 101,nv101@example.vn,52
2026-09-25,Nhân sự,Câu hỏi số 102,nv102@example.vn,24
2026-05-15,Nhân sự,Câu hỏi số 103,nv103@example.vn,15
2026-05-16,Tín dụng,Câu hỏi số 104,nv104@example.vn,25
2026-02-18,Tín dụng,Câu hỏi số 105,nv105@example.vn,50
2026-08-12,Nhân sự,Câu hỏi số 106,nv106@example.vn,38
2026-06-17,Kế toán,Câu hỏi số 107,nv107@example.vn,21
2026-01-20,Tín dụng,Câu hỏi số 108,nv108@example.vn,
2026-06-28,Kế toán,Câu hỏi số 109,nv109@example.vn,17
2026-06-13,Nhân sự,Câu hỏi số 110,nv110@example.vn,41
2026-02-17,Tín dụng,Câu hỏi số 111,nv111@example.vn,3
2026-04-22,Tín dụng,Câu hỏi số 112,nv112@example.vn,19
2026-09-12,Nhân sự,Câu hỏi số 113,nv113@example.vn,6
2026-01-10,Kế toán,Câu hỏi số 114,nv114@example.vn,50
2026-06-25,Kế toán,Câu hỏi số 115,nv115@example.vn,57
2026-03-13,Nhân sự,Câu hỏi số 116,nv116@example.vn,51
2026-06-12,Nhân sự,Câu hỏi số 117,nv117@example.vn,
2026-03-15,Tín dụng,Câu hỏi số 118,nv118@example.vn,11
2026-06-19,Tín dụng,Câu hỏi số 119,nv119@example.vn,47
2026-09-19,Tín dụng,Câu hỏi số 120,nv120@example.vn,59
2026-04-14,Nhân sự,Câu hỏi số 121,nv121@example.vn,60
2026-01-20,Nhân sự,Câu hỏi số 122,nv122@example.vn,53
2026-09-16,Tín dụng,Câu hỏi số 123,nv123@example.vn,21
2026-07-27,Tín dụng,Câu hỏi số 124,nv124@example.vn,5
2026-04-18,Tín dụng,Câu hỏi số 125,nv125@example.vn,45
2026-08-23,Nhân sự,Câu hỏi số 126,nv126@example.vn,
2026-05-27,Kế toán,Câu hỏi số 127,nv127@example.vn,56
2026-09-24,Tín dụng,Câu hỏi số 128,nv128@example.vn,27
2026-06-15,Kế toán,Câu hỏi số 129,nv129@example.vn,33
2026-01-23,Nhân sự,Câu hỏi số 130,nv130@example.vn,3
2026-01-21,Nhân sự,Câu hỏi số 131,nv131@example.vn,10
2026-03-14,Kế toán,Câu hỏi số 132,nv132@example.vn,55
2026-05-22,Nhân sự,Câu hỏi số 133,nv133@example.vn,27
2026-03-12,Tín dụng,Câu hỏi số 134,nv134@example.vn,33
2026-01-15,Nhân sự,Câu hỏi số 135,nv135@example.vn,
2026-06-26,Nhân sự,Câu hỏi số 136,nv136@example.vn,60
2026-08-17,Tín dụng,Câu hỏi số 137,nv137@example.vn,22
2026-08-25,Tín dụng,Câu hỏi số 138,nv138@example.vn,47
2026-07-20,Nhân sự,Câu hỏi số 139,nv139@example.vn,41
2026-05-17,Tín dụng,Câu hỏi số 140,nv140@example.vn,60
2026-02-26,Nhân sự,Câu hỏi số 141,nv141@example.vn,58
2026-06-15,Nhân sự,Câu hỏi số 142,nv142@example.vn,51
2026-04-19,Kế toán,Câu hỏi số 143,nv143@example.vn,46
2026-05-27,Kế toán,Câu hỏi số 144,nv144@example.vn,
2026-03-24,Nhân sự,Câu hỏi số 145,nv145@example.vn,7
2026-02-26,Nhân sự,Câu hỏi số 146,nv146@example.vn,26
2026-03-14,Kế toán,Câu hỏi số 147,nv147@example.vn,29
2026-04-28,Nhân sự,Câu hỏi số 148,nv148@example.vn,50
2026-01-25,Nhân sự,Câu hỏi số 149,nv149@example.vn,27
2026-06-22,Nhân sự,Câu hỏi số 150,nv150@example.vn,56
2026-03-27,Nhân sự,Câu hỏi số 151,nv151@example.vn,4
2026-09-12,Kế toán,Câu hỏi số 152,nv152@example.vn,42
2026-02-18,Nhân sự,Câu hỏi số 153,nv153@example.vn,
2026-02-14,Nhân sự,Câu hỏi số 154,nv154@example.vn,55
2026-02-24,Tín dụng,Câu hỏi số 155,nv155@example.vn,56
2026-07-23,Kế toán,Câu hỏi số 156,nv156@example.vn,12
2026-06-24,Tín dụng,Câu hỏi số 157,nv157@example.vn,41
2026-08-16,Tín dụng,Câu hỏi số 158,nv158@example.vn,29
2026-09-23,Tín dụng,Câu hỏi số 159,nv159@example.vn,44
2026-05-18,Tín dụng,Câu hỏi số 160,nv160@example.vn,26
2026-09-10,Tín dụng,Câu hỏi số 161,nv161@example.vn,35
2026-08-28,Tín dụng,Câu hỏi số 162,nv162@example.vn,
2026-01-17,Kế toán,Câu hỏi số 163,nv163@example.vn,15
2026-03-19,Tín dụng,Câu hỏi số 164,nv164@example.vn,36
2026-04-18,Kế toán,Câu hỏi số 165,nv165@example.vn,39
2026-05-24,Tín dụng,Câu hỏi số 166,nv166@example.vn,36
2026-06-25,Kế toán,Câu hỏi số 167,nv167@example.vn,56
2026-02-16,Nhân sự,Câu hỏi số 168,nv168@example.vn,58
2026-07-16,Kế toán,Câu hỏi số 169,nv169@example.vn,53
2026-02-10,Tín dụng,Câu hỏi số 170,nv170@example.vn,38
2026-01-27,Kế toán,Câu hỏi số 171,nv171@example.vn,
2026-03-12,Nhân sự,Câu hỏi số 172,nv172@example.vn,25
2026-05-23,Nhân sự,Câu hỏi số 173,nv173@example.vn,45
2026-06-26,Kế toán,Câu hỏi số 174,nv174@example.vn,2
2026-02-24,Nhân sự,Câu hỏi số 175,nv175@example.vn,30
2026-06-19,Nhân sự,Câu hỏi số 176,nv176@example.vn,27
2026-06-28,Kế toán,Câu hỏi số 177,nv177@example.vn,9
2026-07-22,Tín dụng,Câu hỏi số 178,nv178@example.vn,37
2026-01-18,Nhân sự,Câu hỏi số 179,nv179@example.vn,40
2026-09-16,Kế toán,Câu hỏi số 180,nv180@example.vn,
2026-09-23,Nhân sự,Câu hỏi số 181,nv181@example.vn,47
2026-05-15,Kế toán,Câu hỏi số 182,nv182@example.vn,41
2026-09-16,Kế toán,Câu hỏi số 183,nv183@example.vn,35
2026-01-22,Nhân sự,Câu hỏi số 184,nv184@example.vn,29
2026-07-20,Nhân sự,Câu hỏi số 185,nv185@example.vn,39
2026-02-25,Nhân sự,Câu hỏi số 186,nv186@example.vn,17
2026-05-10,Kế toán,Câu hỏi số 187,nv187@example.vn,48
2026-03-22,Kế toán,Câu hỏi số 188,nv188@example.vn,56
2026-03-12,Nhân sự,Câu hỏi số 189,nv189@example.vn,
2026-01-21,Kế toán,Câu hỏi số 190,nv190@example.vn,53
2026-07-27,Kế toán,Câu hỏi số 191,nv191@example.vn,11
2026-08-18,Kế toán,Câu hỏi số 192,nv192@example.vn,12
2026-08-26,Tín dụng,Câu hỏi số 193,nv193@example.vn,19
2026-09-13,Nhân sự,Câu hỏi số 194,nv194@example.vn,39
2026-07-12,Kế toán,Câu hỏi số 195,nv195@example.vn,6
2026-08-10,Tín dụng,Câu hỏi số 196,nv196@example.vn,34
2026-03-12,Kế toán,Câu hỏi số 197,nv197@example.vn,42
2026-05-19,Tín dụng,Câu hỏi số 198,nv198@example.vn,
2026-09-16,Tín dụng,Câu hỏi số 199,nv199@example.vn,58
2026-06-18,Tín dụng,Câu hỏi số 200,nv200@example.vn,6
2026-09-21,Kế toán,Câu hỏi số 201,nv201@example.vn,34
2026-09-11,Tín dụng,Câu hỏi số 202,nv202@example.vn,21
2026-09-18,Kế toán,Câu hỏi số 203,nv203@example.vn,41
2026-04-22,Nhân sự,Câu hỏi số 204,nv204@example.vn,27
2026-03-25,Kế toán,Câu hỏi số 205,nv205@example.vn,57
2026-06-17,Kế toán,Câu hỏi số 206,nv206@example.vn,41
2026-04-10,Nhân sự,Câu hỏi số 207,nv207@example.vn,
2026-07-20,Kế toán,Câu hỏi số 208,nv208@example.vn,50
2026-04-18,Tín dụng,Câu hỏi số 209,nv209@example.vn,6
2026-03-28,Kế toán,Câu hỏi số 210,nv210@example.vn,39
2026-03-18,Kế toán,Câu hỏi số 211,nv211@example.vn,35
2026-03-14,Tín dụng,Câu hỏi số 212,nv212@example.vn,59
2026-08-21,Kế toán,Câu hỏi số 213,nv213@example.vn,50
2026-07-17,Tín dụng,Câu hỏi số 214,nv214@example.vn,47
2026-04-19,Tín dụng,Câu hỏi số 215,nv215@example.vn,8
2026-04-22,Kế toán,Câu hỏi số 216,nv216@example.vn,
2026-08-13,Tín dụng,Câu hỏi số 217,nv217@example.vn,4
2026-01-10,Tín dụng,Câu hỏi số 218,nv218@example.vn,45
2026-01-25,Nhân sự,Câu hỏi số 219,nv219@example.vn,35
2026-08-20,Nhân sự,Câu hỏi số 220,nv220@example.vn,55
2026-05-13,Nhân sự,Câu hỏi số 221,nv221@example.vn,46
2026-03-13,Tín dụng,Câu hỏi số 222,nv222@example.vn,27
2026-04-25,Kế toán,Câu hỏi số 223,nv223@example.vn,26
2026-03-17,Tín dụng,Câu hỏi số 224,nv224@example.vn,54
2026-05-24,Nhân sự,Câu hỏi số 225,nv225@example.vn,
2026-07-16,Kế toán,Câu hỏi số 226,nv226@example.vn,47
2026-05-20,Kế toán,Câu hỏi số 227,nv227@example.vn,39
2026-02-16,Tín dụng,Câu hỏi số 228,nv228@example.vn,4
2026-01-10,Kế toán,Câu hỏi số 229,nv229@example.vn,22
2026-07-28,Kế toán,Câu hỏi số 230,nv230@example.vn,60
2026-04-22,Tín dụng,Câu hỏi số 231,nv231@example.vn,58
2026-03-10,Tín dụng,Câu hỏi số 232,nv232@example.vn,26
2026-03-27,Tín dụng,Câu hỏi số 233,nv233@example.vn,38
2026-07-18,Tín dụng,Câu hỏi số 234,nv234@example.vn,
2026-02-24,Nhân sự,Câu hỏi số 235,nv235@example.vn,55
2026-05-10,Tín dụng,Câu hỏi số 236,nv236@example.vn,36
2026-01-26,Tín dụng,Câu hỏi số 237,nv237@example.vn,4
2026-05-13,Kế toán,Câu hỏi số 238,nv238@example.vn,7
2026-04-10,Kế toán,Câu hỏi số 239,nv239@example.vn,42
2026-03-18,Nhân sự,Câu hỏi số 240,nv240@example.vn,54
2026-04-24,Kế toán,Câu hỏi số 241,nv241@example.vn,23
2026-05-18,Nhân sự,Câu hỏi số 242,nv242@example.vn,42
2026-04-17,Tín dụng,Câu hỏi số 243,nv243@example.vn,
2026-03-21,Kế toán,Câu hỏi số 244,nv244@example.vn,40
2026-09-26,Tín dụng,Câu hỏi số 245,nv245@example.vn,59
2026-06-27,Kế toán,Câu hỏi số 246,nv246@example.vn,36
2026-04-27,Kế toán,Câu hỏi số 247,nv247@example.vn,60
2026-02-18,Nhân sự,Câu hỏi số 248,nv248@example.vn,41
2026-02-18,Tín dụng,Câu hỏi số 249,nv249@example.vn,8
2026-03-11,Tín dụng,Câu hỏi số 250,nv250@example.vn,56
2026-07-11,Tín dụng,Câu hỏi số 251,nv251@example.vn,42
2026-02-26,Kế toán,Câu hỏi số 252,nv252@example.vn,
2026-09-21,Tín dụng,Câu hỏi số 253,nv253@example.vn,22
2026-01-14,Nhân sự,Câu hỏi số 254,nv254@example.vn,4
2026-08-14,Kế toán,Câu hỏi số 255,nv255@example.vn,50
2026-08-10,Nhân sự,Câu hỏi số 256,nv256@example.vn,35
2026-05-12,Kế toán,Câu hỏi số 257,nv257@example.vn,53
2026-06-12,Kế toán,Câu hỏi số 258,nv258@example.vn,4
2026-07-11,Nhân sự,Câu hỏi số 259,nv259@example.vn,18
2026-06-14,Kế toán,Câu hỏi số 260,nv260@example.vn,52
2026-07-13,Nhân sự,Câu hỏi số 261,nv261@example.vn,
2026-05-13,Kế toán,Câu hỏi số 262,nv262@example.vn,55
2026-04-26,Nhân sự,Câu hỏi số 263,nv263@example.vn,15
2026-06-20,Nhân sự,Câu hỏi số 264,nv264@example.vn,52
2026-07-28,Kế toán,Câu hỏi số 265,nv265@example.vn,8
2026-03-24,Nhân sự,Câu hỏi số 266,nv266@example.vn,37
2026-09-27,Tín dụng,Câu hỏi số 267,nv267@example.vn,59
2026-05-15,Tín dụng,Câu hỏi số 268,nv268@example.vn,25
2026-07-26,Kế toán,Câu hỏi số 269,nv269@example.vn,8
2026-07-21,Tín dụng,Câu hỏi số 270,nv270@example.vn,
2026-02-11,Kế toán,Câu hỏi số 271,nv271@example.vn,54
2026-09-20,Kế toán,Câu hỏi số 272,nv272@example.vn,21
2026-06-21,Kế toán,Câu hỏi số 273,nv273@example.vn,22
2026-09-26,Tín dụng,Câu hỏi số 274,nv274@example.vn,35
2026-02-14,Kế toán,Câu hỏi số 275,nv275@example.vn,60
2026-06-20,Nhân sự,Câu hỏi số 276,nv276@example.vn,6
2026-08-18,Kế toán,Câu hỏi số 277,nv277@example.vn,31
2026-06-22,Tín dụng,Câu hỏi số 278,nv278@example.vn,39
2026-01-14,Tín dụng,Câu hỏi số 279,nv279@example.vn,
2026-09-25,Nhân sự,Câu hỏi số 280,nv280@example.vn,56
2026-05-17,Nhân sự,Câu hỏi số 281,nv281@example.vn,38
2026-06-21,Nhân sự,Câu hỏi số 282,nv282@example.vn,25
2026-07-19,Kế toán,Câu hỏi số 283,nv283@example.vn,40
2026-06-27,Nhân sự,Câu hỏi số 284,nv284@example.vn,12
2026-01-14,Kế toán,Câu hỏi số 285,nv285@example.vn,45
2026-04-28,Tín dụng,Câu hỏi số 286,nv286@example.vn,60
2026-02-15,Kế toán,Câu hỏi số 287,nv287@example.vn,48
2026-01-13,Nhân sự,Câu hỏi số 288,nv288@example.vn,
2026-05-13,Tín dụng,Câu hỏi số 289,nv289@example.vn,18
2026-02-28,Nhân sự,Câu hỏi số 290,nv290@example.vn,43
2026-02-12,Tín dụng,Câu hỏi số 291,nv291@example.vn,43
2026-03-26,Kế toán,Câu hỏi số 292,nv292@example.vn,3
2026-06-25,Nhân sự,Câu hỏi số 293,nv293@example.vn,53
2026-05-17,Tín dụng,Câu hỏi số 294,nv294@example.vn,40
2026-08-17,Kế toán,Câu hỏi số 295,nv295@example.vn,30
2026-06-27,Tín dụng,Câu hỏi số 296,nv296@example.vn,53
2026-08-12,Kế toán,Câu hỏi số 297,nv297@example.vn,
2026-07-16,Tín dụng,Câu hỏi số 298,nv298@example.vn,49
2026-09-22,Nhân sự,Câu hỏi số 299,nv299@example.vn,58
2026-08-12,Kế toán,Câu hỏi số 300,nv300@example.vn,41
2026-09-28,Nhân sự,Câu hỏi số 301,nv301@example.vn,29
2026-01-21,Kế toán,Câu hỏi số 302,nv302@example.vn,2
2026-04-19,Nhân sự,Câu hỏi số 303,nv303@example.vn,46
2026-01-27,Tín dụng,Câu hỏi số 304,nv304@example.vn,54
2026-05-26,Nhân sự,Câu hỏi số 305,nv305@example.vn,22
2026-09-28,Nhân sự,Câu hỏi số 306,nv306@example.vn,
2026-05-26,Kế toán,Câu hỏi số 307,nv307@example.vn,36
2026-09-23,Nhân sự,Câu hỏi số 308,nv308@example.vn,42
2026-05-24,Kế toán,Câu hỏi số 309,nv309@example.vn,10
2026-09-24,Nhân sự,Câu hỏi số 310,nv310@example.vn,10
2026-09-15,Kế toán,Câu hỏi số 311,nv311@example.vn,42
2026-01-23,Nhân sự,Câu hỏi số 312,nv312@example.vn,44
2026-01-21,Kế toán,Câu hỏi số 313,nv313@example.vn,27
2026-05-10,Tín dụng,Câu hỏi số 314,nv314@example.vn,7
2026-01-22,Kế toán,Câu hỏi số 315,nv315@example.vn,
2026-08-18,Kế toán,Câu hỏi số 316,nv316@example.vn,42
2026-08-20,Kế toán,Câu hỏi số 317,nv317@example.vn,31
2026-02-25,Kế toán,Câu hỏi số 318,nv318@example.vn,11
2026-07-14,Tín dụng,Câu hỏi số 319,nv319@example.vn,13
2026-05-21,Tín dụng,Câu hỏi số 320,nv320@example.vn,39
2026-05-23,Kế toán,Câu hỏi số 321,nv321@example.vn,34
2026-05-23,Nhân sự,Câu hỏi số 322,nv322@example.vn,19
2026-07-20,Kế toán,Câu hỏi số 323,nv323@example.vn,15
2026-08-22,Nhân sự,Câu hỏi số 324,nv324@example.vn,
2026-07-12,Tín dụng,Câu hỏi số 325,nv325@example.vn,10
2026-04-14,Tín dụng,Câu hỏi số 326,nv326@example.vn,48
2026-01-13,Kế toán,Câu hỏi số 327,nv327@example.vn,11
2026-08-13,Kế toán,Câu hỏi số 328,nv328@example.vn,43
2026-03-10,Tín dụng,Câu hỏi số 329,nv329@example.vn,29
2026-01-27,Tín dụng,Câu hỏi số 330,nv330@example.vn,36
2026-07-21,Tín dụng,Câu hỏi số 331,nv331@example.vn,43
2026-02-27,Nhân sự,Câu hỏi số 332,nv332@example.vn,28
2026-02-18,Nhân sự,Câu hỏi số 333,nv333@example.vn,
2026-05-15,Kế toán,Câu hỏi số 334,nv334@example.vn,53
2026-01-16,Nhân sự,Câu hỏi số 335,nv335@example.vn,43
2026-02-22,Tín dụng,Câu hỏi số 336,nv336@example.vn,44
2026-08-19,Nhân sự,Câu hỏi số 337,nv337@example.vn,34
2026-08-22,Tín dụng,Câu hỏi số 338,nv338@example.vn,40
2026-08-13,Tín dụng,Câu hỏi số 339,nv339@example.vn,26
2026-04-15,Nhân sự,Câu hỏi số 340,nv340@example.vn,18
2026-07-27,Kế toán,Câu hỏi số 341,nv341@example.vn,57
2026-08-27,Tín dụng,Câu hỏi số 342,nv342@example.vn,
2026-06-25,Tín dụng,Câu hỏi số 343,nv343@example.vn,2
2026-06-18,Tín dụng,Câu hỏi số 344,nv344@example.vn,36
2026-08-19,Tín dụng,Câu hỏi số 345,nv345@example.vn,16
2026-09-18,Kế toán,Câu hỏi số 346,nv346@example.vn,47
2026-04-23,Tín dụng,Câu hỏi số 347,nv347@example.vn,10
2026-05-16,Kế toán,Câu hỏi số 348,nv348@example.vn,37
2026-01-27,Nhân sự,Câu hỏi số 349,nv349@example.vn,34
2026-03-23,Kế toán,Câu hỏi số 350,nv350@example.vn,19
2026-08-19,Kế toán,Câu hỏi số 351,nv351@example.vn,
2026-08-16,Kế toán,Câu hỏi số 352,nv352@example.vn,25
2026-08-17,Kế toán,Câu hỏi số 353,nv353@example.vn,13
2026-03-28,Nhân sự,Câu hỏi số 354,nv354@example.vn,30
2026-09-14,Tín dụng,Câu hỏi số 355,nv355@example.vn,34
2026-06-26,Nhân sự,Câu hỏi số 356,nv356@example.vn,10
2026-04-20,Nhân sự,Câu hỏi số 357,nv357@example.vn,33
2026-08-20,Tín dụng,Câu hỏi số 358,nv358@example.vn,10
2026-03-18,Tín dụng,Câu hỏi số 359,nv359@example.vn,7
2026-09-11,Nhân sự,Câu hỏi số 360,nv360@example.vn,
2026-03-13,Tín dụng,Câu hỏi số 361,nv361@example.vn,38
2026-04-26,Nhân sự,Câu hỏi số 362,nv362@example.vn,44
2026-05-23,Kế toán,Câu hỏi số 363,nv363@example.vn,2
2026-01-19,Nhân sự,Câu hỏi số 364,nv364@example.vn,16
2026-02-17,Kế toán,Câu hỏi số 365,nv365@example.vn,45
2026-06-18,Nhân sự,Câu hỏi số 366,nv366@example.vn,48
2026-09-22,Tín dụng,Câu hỏi số 367,nv367@example.vn,9
2026-06-21,Tín dụng,Câu hỏi số 368,nv368@example.vn,9
2026-05-14,Nhân sự,Câu hỏi số 369,nv369@example.vn,
2026-01-21,Tín dụng,Câu hỏi số 370,nv370@example.vn,7
2026-02-19,Kế toán,Câu hỏi số 371,nv371@example.vn,17
2026-05-26,Tín dụng,Câu hỏi số 372,nv372@example.vn,25
2026-01-12,Tín dụng,Câu hỏi số 373,nv373@example.vn,27
2026-06-17,Tín dụng,Câu hỏi số 374,nv374@example.vn,45
2026-06-18,Tín dụng,Câu hỏi số 375,nv375@example.vn,34
2026-06-13,Kế toán,Câu hỏi số 376,nv376@example.vn,53
2026-03-18,Kế toán,Câu hỏi số 377,nv377@example.vn,7
2026-09-25,Nhân sự,Câu hỏi số 378,nv378@example.vn,
2026-07-27,Kế toán,Câu hỏi số 379,nv379@example.vn,21
2026-04-19,Nhân sự,Câu hỏi số 380,nv380@example.vn,10
2026-01-26,Tín dụng,Câu hỏi số 381,nv381@example.vn,13
2026-04-16,Kế toán,Câu hỏi số 382,nv382@example.vn,19
2026-09-10,Kế toán,Câu hỏi số 383,nv383@example.vn,36
2026-05-26,Kế toán,Câu hỏi số 384,nv384@example.vn,32
2026-03-22,Nhân sự,Câu hỏi số 385,nv385@example.vn,8
2026-06-12,Nhân sự,Câu hỏi số 386,nv386@example.vn,36
2026-06-27,Nhân sự,Câu hỏi số 387,nv387@example.vn,
2026-09-28,Tín dụng,Câu hỏi số 388,nv388@example.vn,41
2026-05-24,Nhân sự,Câu hỏi số 389,nv389@example.vn,10
2026-03-12,Nhân sự,Câu hỏi số 390,nv390@example.vn,11
2026-04-25,Kế toán,Câu hỏi số 391,nv391@example.vn,25
2026-05-15,Tín dụng,Câu hỏi số 392,nv392@example.vn,56
2026-07-24,Kế toán,Câu hỏi số 393,nv393@example.vn,9
2026-03-18,Kế toán,Câu hỏi số 394,nv394@example.vn,44
2026-01-27,Tín dụng,Câu hỏi số 395,nv395@example.vn,60
2026-03-22,Nhân sự,Câu hỏi số 396,nv396@example.vn,
2026-09-13,Kế toán,Câu hỏi số 397,nv397@example.vn,3
2026-07-23,Kế toán,Câu hỏi số 398,nv398@example.vn,25
2026-07-22,Nhân sự,Câu hỏi số 399,nv399@example.vn,31
2026-01-13,Kế toán,Câu hỏi số 400,nv400@example.vn,51
2026-01-10,Tín dụng,Câu hỏi số 401,nv401@example.vn,55
2026-02-28,Tín dụng,Câu hỏi số 402,nv402@example.vn,35
2026-09-21,Nhân sự,Câu hỏi số 403,nv403@example.vn,19
2026-06-25,Nhân sự,Câu hỏi số 404,nv404@example.vn,17
2026-04-13,Nhân sự,Câu hỏi số 405,nv405@example.vn,
2026-06-15,Tín dụng,Câu hỏi số 406,nv406@example.vn,51
2026-01-20,Kế toán,Câu hỏi số 407,nv407@example.vn,58
2026-06-18,Nhân sự,Câu hỏi số 408,nv408@example.vn,42
2026-01-23,Kế toán,Câu hỏi số 409,nv409@example.vn,26
2026-06-19,Kế toán,Câu hỏi số 410,nv410@example.vn,30
2026-04-26,Tín dụng,Câu hỏi số 411,nv411@example.vn,5
2026-06-13,Nhân sự,Câu hỏi số 412,nv412@example.vn,13
2026-09-25,Kế toán,Câu hỏi số 413,nv413@example.vn,50
2026-02-28,Tín dụng,Câu hỏi số 414,nv414@example.vn,
2026-08-16,Kế toán,Câu hỏi số 415,nv415@example.vn,42
2026-03-22,Nhân sự,Câu hỏi số 416,nv416@example.vn,16
2026-02-17,Kế toán,Câu hỏi số 417,nv417@example.vn,23
2026-04-24,Nhân sự,Câu hỏi số 418,nv418@example.vn,32
2026-06-25,Nhân sự,Câu hỏi số 419,nv419@example.vn,51